"","Package","LibPath","Version","Priority","Depends","Imports","NeedsCompilation","Built","whereat"
"1","acepack","/Library/Frameworks/R.framework/Versions/3.5/Resources/library","1.4.1",NA,NA,NA,"yes","3.5.0","CRAN"
"2","ade4","/Library/Frameworks/R.framework/Versions/3.5/Resources/library","1.7-13",NA,"R (>= 2.10)","graphics, grDevices, methods, stats, utils, MASS","yes","3.5.0","CRAN"
"3","adegenet","/Library/Frameworks/R.framework/Versions/3.5/Resources/library","2.1.1",NA,"R (>= 2.14), methods, ade4","utils, stats, grDevices, MASS, igraph, ape, shiny, ggplot2,
seqinr, parallel, spdep, boot, reshape2, dplyr (>= 0.4.1),
vegan","yes","3.5.0","CRAN"
"4","animation","/Library/Frameworks/R.framework/Versions/3.5/Resources/library","2.6",NA,"R (>= 2.14.0)","magick","no","3.5.1","CRAN"
"5","AnnotationDbi","/Library/Frameworks/R.framework/Versions/3.5/Resources/library","1.44.0",NA,"R (>= 2.7.0), methods, utils, stats4, BiocGenerics (>=
0.23.1), Biobase (>= 1.17.0), IRanges","DBI, RSQLite, S4Vectors (>= 0.9.25)","no","3.5.1","Other"
"6","AnnotationFilter","/Library/Frameworks/R.framework/Versions/3.5/Resources/library","1.6.0",NA,"R (>= 3.4.0)","utils, methods, GenomicRanges, lazyeval","no","3.5.1","Other"
"7","ape","/Library/Frameworks/R.framework/Versions/3.5/Resources/library","5.2",NA,"R (>= 3.2.0)","nlme, lattice, graphics, methods, stats, tools, utils,
parallel, Rcpp (>= 0.12.0)","yes","3.5.0","CRAN"
"8","askpass","/Library/Frameworks/R.framework/Versions/3.5/Resources/library","1.1",NA,NA,"sys (>= 2.1)","yes","3.5.1","CRAN"
"9","assertthat","/Library/Frameworks/R.framework/Versions/3.5/Resources/library","0.2.1",NA,NA,"tools","no","3.5.2","CRAN"
"10","backports","/Library/Frameworks/R.framework/Versions/3.5/Resources/library","1.1.4",NA,"R (>= 3.0.0)","utils","yes","3.5.2","CRAN"
"11","base64enc","/Library/Frameworks/R.framework/Versions/3.5/Resources/library","0.1-3",NA,"R (>= 2.9.0)",NA,"yes","3.5.0","CRAN"
"12","BH","/Library/Frameworks/R.framework/Versions/3.5/Resources/library","1.69.0-1",NA,NA,NA,"no","3.5.2","CRAN"
"13","bibtex","/Library/Frameworks/R.framework/Versions/3.5/Resources/library","0.4.2",NA,"R (>= 3.0.2)","stringr, utils","yes","3.5.0","CRAN"
"14","bindr","/Library/Frameworks/R.framework/Versions/3.5/Resources/library","0.1.1",NA,NA,NA,"no","3.5.0","CRAN"
"15","bindrcpp","/Library/Frameworks/R.framework/Versions/3.5/Resources/library","0.2.2",NA,NA,"bindr (>= 0.1.1), Rcpp (>= 0.12.16)","yes","3.5.0","CRAN"
"16","Biobase","/Library/Frameworks/R.framework/Versions/3.5/Resources/library","2.42.0",NA,"R (>= 2.10), BiocGenerics (>= 0.27.1), utils","methods","yes","3.5.1","Other"
"17","BiocGenerics","/Library/Frameworks/R.framework/Versions/3.5/Resources/library","0.28.0",NA,"methods, utils, graphics, stats, parallel","methods, utils, graphics, stats, parallel","no","3.5.1","Other"
"18","BiocManager","/Library/Frameworks/R.framework/Versions/3.5/Resources/library","1.30.4",NA,"R (>= 3.5.0)","utils","no","3.5.0","CRAN"
"19","BiocParallel","/Library/Frameworks/R.framework/Versions/3.5/Resources/library","1.16.2",NA,"methods","stats, utils, futile.logger, parallel, snow","yes","3.5.1","Other"
"20","BiocVersion","/Library/Frameworks/R.framework/Versions/3.5/Resources/library","3.8.0",NA,"R (>= 3.5.0), R (< 3.6.0)",NA,"no","3.5.1","Other"
"21","biofiles","/Library/Frameworks/R.framework/Versions/3.5/Resources/library","1.0.0",NA,"R (>= 3.3.1), Rcpp (>= 0.11.0)","assertthat, BiocGenerics, Biostrings, foreach, GenomeInfoDb,
GenomicRanges, IRanges, iterators, methods, parallel, RCurl,
reutils, stats, S4Vectors, XVector","yes","3.5.0","CRAN"
"22","biomaRt","/Library/Frameworks/R.framework/Versions/3.5/Resources/library","2.38.0",NA,"methods","utils, XML, RCurl, AnnotationDbi, progress, stringr, httr","no","3.5.1","Other"
"23","Biostrings","/Library/Frameworks/R.framework/Versions/3.5/Resources/library","2.50.2",NA,"R (>= 3.5.0), methods, BiocGenerics, S4Vectors, IRanges,
XVector","graphics, methods, stats, utils","yes","3.5.2","Other"
"24","biovizBase","/Library/Frameworks/R.framework/Versions/3.5/Resources/library","1.30.1",NA,"R (>= 2.10), methods","grDevices, stats, scales, Hmisc, RColorBrewer, dichromat,
BiocGenerics, S4Vectors (>= 0.9.25), IRanges (>= 1.99.28),
GenomeInfoDb (>= 1.5.14), GenomicRanges (>= 1.23.21),
SummarizedExperiment, Biostrings (>= 2.33.11), Rsamtools (>=
1.17.28), GenomicAlignments (>= 1.1.16), GenomicFeatures (>=
1.21.19), AnnotationDbi, VariantAnnotation (>= 1.11.4),
ensembldb (>= 1.99.13), AnnotationFilter (>= 0.99.8), rlang","yes","3.5.1","Other"
"25","bit","/Library/Frameworks/R.framework/Versions/3.5/Resources/library","1.1-14",NA,"R (>= 2.9.2)",NA,"yes","3.5.0","CRAN"
"26","bit64","/Library/Frameworks/R.framework/Versions/3.5/Resources/library","0.9-7",NA,"R (>= 3.0.1), bit (>= 1.1-12), utils, methods, stats",NA,"yes","3.5.0","CRAN"
"27","bitops","/Library/Frameworks/R.framework/Versions/3.5/Resources/library","1.0-6",NA,NA,NA,"yes","3.5.0","CRAN"
"28","blob","/Library/Frameworks/R.framework/Versions/3.5/Resources/library","1.1.1",NA,NA,"methods, prettyunits","no","3.5.0","CRAN"
"29","bookdown","/Library/Frameworks/R.framework/Versions/3.5/Resources/library","0.9",NA,NA,"htmltools (>= 0.3.6), knitr (>= 1.16), rmarkdown (>= 1.9),
xfun (>= 0.2), tinytex, yaml (>= 2.1.14)","no","3.5.0","CRAN"
"30","boot","/Library/Frameworks/R.framework/Versions/3.5/Resources/library","1.3-20","recommended","R (>= 3.0.0), graphics, stats",NA,"no","3.5.0","CRAN"
"31","brew","/Library/Frameworks/R.framework/Versions/3.5/Resources/library","1.0-6",NA,NA,NA,NA,"3.5.0","CRAN"
"32","broom","/Library/Frameworks/R.framework/Versions/3.5/Resources/library","0.5.1",NA,"R (>= 3.1)","backports, dplyr, generics (>= 0.0.2), methods, nlme, purrr,
reshape2, stringr, tibble, tidyr","no","3.5.0","CRAN"
"33","BSgenome","/Library/Frameworks/R.framework/Versions/3.5/Resources/library","1.50.0",NA,"R (>= 2.8.0), methods, BiocGenerics (>= 0.13.8), S4Vectors (>=
0.17.28), IRanges (>= 2.13.16), GenomeInfoDb (>= 1.15.2),
GenomicRanges (>= 1.31.10), Biostrings (>= 2.47.6), rtracklayer
(>= 1.39.7)","methods, utils, stats, BiocGenerics, S4Vectors, IRanges,
XVector, GenomeInfoDb, GenomicRanges, Biostrings, Rsamtools,
rtracklayer","no","3.5.1","Other"
"34","callr","/Library/Frameworks/R.framework/Versions/3.5/Resources/library","3.1.1",NA,NA,"processx (>= 3.2.1), R6, utils","no","3.5.0","CRAN"
"35","caTools","/Library/Frameworks/R.framework/Versions/3.5/Resources/library","1.17.1.1",NA,"R (>= 2.2.0)","bitops","yes","3.5.0","CRAN"
"36","cellranger","/Library/Frameworks/R.framework/Versions/3.5/Resources/library","1.1.0",NA,"R (>= 3.0.0)","rematch, tibble","no","3.5.0","CRAN"
"37","checkmate","/Library/Frameworks/R.framework/Versions/3.5/Resources/library","1.8.5",NA,"R (>= 3.0.0)","backports (>= 1.1.0), utils","yes","3.5.0","CRAN"
"38","circlize","/Library/Frameworks/R.framework/Versions/3.5/Resources/library","0.4.5",NA,"R (>= 3.0.0), graphics","GlobalOptions (>= 0.1.0), shape, grDevices, utils, stats,
colorspace, methods, grid","no","3.5.0","CRAN"
"39","class","/Library/Frameworks/R.framework/Versions/3.5/Resources/library","7.3-15","recommended","R (>= 3.0.0), stats, utils","MASS","yes","3.5.2","CRAN"
"40","classInt","/Library/Frameworks/R.framework/Versions/3.5/Resources/library","0.3-1",NA,"R (>= 2.2)","grDevices, stats, graphics, e1071, class","yes","3.5.0","CRAN"
"41","cli","/Library/Frameworks/R.framework/Versions/3.5/Resources/library","1.1.0",NA,"R (>= 2.10)","assertthat, crayon (>= 1.3.4), methods, utils","no","3.5.2","CRAN"
"42","clipr","/Library/Frameworks/R.framework/Versions/3.5/Resources/library","0.4.1",NA,NA,"utils","no","3.5.0","CRAN"
"43","clisymbols","/Library/Frameworks/R.framework/Versions/3.5/Resources/library","1.2.0",NA,NA,NA,"no","3.5.0","CRAN"
"44","cluster","/Library/Frameworks/R.framework/Versions/3.5/Resources/library","2.0.7-1","recommended","R (>= 3.2.0)","graphics, grDevices, stats, utils","yes","3.5.0","CRAN"
"45","clusterGeneration","/Library/Frameworks/R.framework/Versions/3.5/Resources/library","1.3.4",NA,"R (>= 2.9.1), MASS",NA,"no","3.5.0","CRAN"
"46","coda","/Library/Frameworks/R.framework/Versions/3.5/Resources/library","0.19-2",NA,"R (>= 2.14.0)","lattice","no","3.5.0","CRAN"
"47","codetools","/Library/Frameworks/R.framework/Versions/3.5/Resources/library","0.2-16","recommended","R (>= 2.1)",NA,"no","3.5.2","CRAN"
"48","colorspace","/Library/Frameworks/R.framework/Versions/3.5/Resources/library","1.4-1",NA,"R (>= 3.0.0), methods","graphics, grDevices, stats","yes","3.5.2","CRAN"
"49","combinat","/Library/Frameworks/R.framework/Versions/3.5/Resources/library","0.0-8",NA,NA,NA,NA,"3.5.0","CRAN"
"50","condformat","/Library/Frameworks/R.framework/Versions/3.5/Resources/library","0.8.0",NA,NA,"grDevices, graphics, gridExtra (>= 2.3), gtable (>= 0.2.0),
htmlTable (>= 1.9), htmltools (>= 0.3.6), tibble (>= 1.3.4),
scales (>= 0.5.0), dplyr (>= 0.7.4), lazyeval (>= 0.2.0), knitr
(>= 1.20), rmarkdown (>= 0.9.6), magrittr (>= 1.5), rlang (>=
0.2.2), tidyselect (>= 0.2.2)","no","3.5.0","CRAN"
"51","cooccur","/Library/Frameworks/R.framework/Versions/3.5/Resources/library","1.3",NA,NA,"reshape2, gmp, ggplot2","no","3.5.0","CRAN"
"52","corrplot","/Library/Frameworks/R.framework/Versions/3.5/Resources/library","0.84",NA,NA,NA,"no","3.5.0","CRAN"
"53","covr","/Library/Frameworks/R.framework/Versions/3.5/Resources/library","3.2.1",NA,"R (>= 3.1.0), methods","digest, stats, utils, jsonlite, rex, httr, crayon, withr (>=
1.0.2)","yes","3.5.1","CRAN"
"54","cowplot","/Library/Frameworks/R.framework/Versions/3.5/Resources/library","0.9.3",NA,"R (>= 3.3.0), ggplot2 (>= 2.1.0),","grid (>= 3.0.0), gtable (>= 0.1.2), plyr (>= 1.8.2),
grDevices, methods, scales, utils","no","3.5.0","CRAN"
"55","crayon","/Library/Frameworks/R.framework/Versions/3.5/Resources/library","1.3.4",NA,NA,"grDevices, methods, utils","no","3.5.0","CRAN"
"56","crosstalk","/Library/Frameworks/R.framework/Versions/3.5/Resources/library","1.0.0",NA,NA,"htmltools (>= 0.3.5), jsonlite, lazyeval, R6, shiny (>= 0.11),
ggplot2","no","3.5.0","CRAN"
"57","curl","/Library/Frameworks/R.framework/Versions/3.5/Resources/library","3.2",NA,"R (>= 3.0.0)",NA,"yes","3.5.0","CRAN"
"58","data.table","/Library/Frameworks/R.framework/Versions/3.5/Resources/library","1.11.8",NA,"R (>= 3.1.0)","methods","yes","3.5.0","CRAN"
"59","DBI","/Library/Frameworks/R.framework/Versions/3.5/Resources/library","1.0.0",NA,"R (>= 3.0.0), methods",NA,"no","3.5.0","CRAN"
"60","dbplyr","/Library/Frameworks/R.framework/Versions/3.5/Resources/library","1.2.2",NA,"R (>= 3.2)","assertthat (>= 0.2.0), DBI (>= 0.7), dplyr (>= 0.7.4), glue
(>= 1.2.0), methods, purrr (>= 0.2.4), R6 (>= 2.2.2), rlang (>=
0.1.6), tibble (>= 1.4.1), tidyselect (>= 0.2.2), utils","no","3.5.0","CRAN"
"61","dbscan","/Library/Frameworks/R.framework/Versions/3.5/Resources/library","1.1-3",NA,NA,"Rcpp (>= 0.12.12), graphics, stats, methods","yes","3.5.0","CRAN"
"62","DelayedArray","/Library/Frameworks/R.framework/Versions/3.5/Resources/library","0.8.0",NA,"R (>= 3.4), methods, stats4, matrixStats, BiocGenerics (>=
0.27.1), S4Vectors (>= 0.19.15), IRanges (>= 2.11.17),
BiocParallel","stats","yes","3.5.1","Other"
"63","deldir","/Library/Frameworks/R.framework/Versions/3.5/Resources/library","0.1-16",NA,"R (>= 0.99)","graphics, grDevices","yes","3.5.2","CRAN"
"64","desc","/Library/Frameworks/R.framework/Versions/3.5/Resources/library","1.2.0",NA,"R (>= 3.1.0)","assertthat, utils, R6, crayon, rprojroot","no","3.5.0","CRAN"
"65","devtools","/Library/Frameworks/R.framework/Versions/3.5/Resources/library","2.0.1",NA,"R (>= 3.0.2)","callr, cli, digest, git2r (>= 0.23.0), httr (>= 0.4),
jsonlite, memoise (>= 1.0.0), pkgbuild (>= 1.0.2), pkgload (>=
1.0.1), rcmdcheck (>= 1.3.0), remotes (>= 2.0.0), rstudioapi
(>= 0.6.0.9000), sessioninfo, stats, tools, usethis (>= 1.4.0),
utils, withr","no","3.5.1","CRAN"
"66","DiagrammeR","/Library/Frameworks/R.framework/Versions/3.5/Resources/library","1.0.0",NA,"R (>= 3.2.0)","dplyr (>= 0.7.4), downloader (>= 0.4), glue (>= 1.2.0),
htmltools (>= 0.3.6), htmlwidgets (>= 1.0), igraph (>= 1.1.2),
influenceR (>= 0.1.0), magrittr (>= 1.5), purrr (>= 0.2.4),
RColorBrewer (>= 1.1-2), readr (>= 1.1.1), rlang (>= 0.2.0),
rstudioapi (>= 0.7), rgexf (>= 0.15.3), scales (>= 0.5.0),
stringr (>= 1.3.0), tibble (>= 1.4.2), tidyr (>= 0.8.0),
viridis (>= 0.5.0), visNetwork (>= 2.0.3)","no","3.5.0","CRAN"
"67","DiagrammeRsvg","/Library/Frameworks/R.framework/Versions/3.5/Resources/library","0.1",NA,NA,"V8 (>= 0.10)","no","3.5.0","CRAN"
"68","dichromat","/Library/Frameworks/R.framework/Versions/3.5/Resources/library","2.0-0",NA,"R (>= 2.10), stats",NA,NA,"3.5.0","CRAN"
"69","diffobj","/Library/Frameworks/R.framework/Versions/3.5/Resources/library","0.2.3",NA,"R (>= 3.1.0)","crayon (>= 1.3.2), tools, methods, utils, stats","yes","3.5.2","CRAN"
"70","digest","/Library/Frameworks/R.framework/Versions/3.5/Resources/library","0.6.19",NA,"R (>= 3.1.0)",NA,"yes","3.5.2","CRAN"
"71","downloader","/Library/Frameworks/R.framework/Versions/3.5/Resources/library","0.4",NA,NA,"utils, digest","no","3.5.0","CRAN"
"72","dplyr","/Library/Frameworks/R.framework/Versions/3.5/Resources/library","0.8.1",NA,"R (>= 3.2.0)","assertthat (>= 0.2.1), glue (>= 1.3.1), magrittr (>= 1.5),
methods, pkgconfig (>= 2.0.2), R6 (>= 2.4.0), Rcpp (>= 1.0.1),
rlang (>= 0.3.4), tibble (>= 2.1.1), tidyselect (>= 0.2.5),
utils","yes","3.5.2","CRAN"
"73","e1071","/Library/Frameworks/R.framework/Versions/3.5/Resources/library","1.7-0",NA,NA,"graphics, grDevices, class, stats, methods, utils","yes","3.5.0","CRAN"
"74","ellipse","/Library/Frameworks/R.framework/Versions/3.5/Resources/library","0.4.1",NA,"R (>= 2.0.0),graphics,stats",NA,"no","3.5.0","CRAN"
"75","ensembldb","/Library/Frameworks/R.framework/Versions/3.5/Resources/library","2.6.3",NA,"BiocGenerics (>= 0.15.10), GenomicRanges (>= 1.31.18),
GenomicFeatures (>= 1.29.10), AnnotationFilter (>= 1.5.2)","methods, RSQLite (>= 1.1), DBI, Biobase, GenomeInfoDb,
AnnotationDbi (>= 1.31.19), rtracklayer, S4Vectors, Rsamtools,
IRanges (>= 2.13.24), ProtGenerics, Biostrings (>= 2.47.9),
curl","no","3.5.1","Other"
"76","epitools","/Library/Frameworks/R.framework/Versions/3.5/Resources/library","0.5-10",NA,"R (>= 2.1.0)",NA,"no","3.5.0","CRAN"
"77","eulerr","/Library/Frameworks/R.framework/Versions/3.5/Resources/library","5.0.0",NA,"R (>= 3.3.0)","GenSA, graphics, grDevices, grid, polyclip, polylabelr, Rcpp,
stats, utils","yes","3.5.0","CRAN"
"78","evaluate","/Library/Frameworks/R.framework/Versions/3.5/Resources/library","0.12",NA,"R (>= 3.0.2)","methods","no","3.5.0","CRAN"
"79","exactRankTests","/Library/Frameworks/R.framework/Versions/3.5/Resources/library","0.8-30",NA,"R (>= 2.4.0), stats, utils",NA,"yes","3.5.2","CRAN"
"80","expm","/Library/Frameworks/R.framework/Versions/3.5/Resources/library","0.999-3",NA,"Matrix","methods","yes","3.5.0","CRAN"
"81","fansi","/Library/Frameworks/R.framework/Versions/3.5/Resources/library","0.4.0",NA,"R (>= 3.1.0)",NA,"yes","3.5.0","CRAN"
"82","farver","/Library/Frameworks/R.framework/Versions/3.5/Resources/library","1.1.0",NA,NA,"Rcpp (>= 0.12.15)","yes","3.5.0","CRAN"
"83","fastmatch","/Library/Frameworks/R.framework/Versions/3.5/Resources/library","1.1-0",NA,NA,NA,"yes","3.5.0","CRAN"
"84","forcats","/Library/Frameworks/R.framework/Versions/3.5/Resources/library","0.3.0",NA,"R (>= 3.1)","magrittr, rlang, tibble","no","3.5.0","CRAN"
"85","foreach","/Library/Frameworks/R.framework/Versions/3.5/Resources/library","1.4.4",NA,"R (>= 2.5.0)","codetools, utils, iterators","no","3.5.0","CRAN"
"86","foreign","/Library/Frameworks/R.framework/Versions/3.5/Resources/library","0.8-71","recommended","R (>= 3.0.0)","methods, utils, stats","yes","3.5.0","CRAN"
"87","formatR","/Library/Frameworks/R.framework/Versions/3.5/Resources/library","1.5",NA,"R (>= 3.0.2)",NA,"no","3.5.0","CRAN"
"88","Formula","/Library/Frameworks/R.framework/Versions/3.5/Resources/library","1.2-3",NA,"R (>= 2.0.0), stats",NA,"no","3.5.0","CRAN"
"89","fs","/Library/Frameworks/R.framework/Versions/3.5/Resources/library","1.2.6",NA,"R (>= 3.1)","methods, Rcpp","yes","3.5.0","CRAN"
"90","futile.logger","/Library/Frameworks/R.framework/Versions/3.5/Resources/library","1.4.3",NA,"R (>= 3.0.0)","utils, lambda.r (>= 1.1.0), futile.options","no","3.5.0","CRAN"
"91","futile.options","/Library/Frameworks/R.framework/Versions/3.5/Resources/library","1.0.1",NA,"R (>= 2.8.0)",NA,"no","3.5.0","CRAN"
"92","gdata","/Library/Frameworks/R.framework/Versions/3.5/Resources/library","2.18.0",NA,"R (>= 2.3.0)","gtools, stats, methods, utils","no","3.5.0","CRAN"
"93","gdtools","/Library/Frameworks/R.framework/Versions/3.5/Resources/library","0.1.7",NA,NA,"Rcpp (>= 0.12.12), withr","yes","3.5.0","CRAN"
"94","generics","/Library/Frameworks/R.framework/Versions/3.5/Resources/library","0.0.2",NA,"R (>= 3.1)","methods","no","3.5.0","CRAN"
"95","GenomeInfoDb","/Library/Frameworks/R.framework/Versions/3.5/Resources/library","1.18.1",NA,"R (>= 3.1), methods, BiocGenerics (>= 0.13.8), S4Vectors (>=
0.17.25), IRanges (>= 2.13.12)","stats, stats4, utils, RCurl, GenomeInfoDbData","no","3.5.1","Other"
"96","GenomeInfoDbData","/Library/Frameworks/R.framework/Versions/3.5/Resources/library","1.2.0",NA,"R (>= 3.3)",NA,"no","3.5.1","Other"
"97","GenomicAlignments","/Library/Frameworks/R.framework/Versions/3.5/Resources/library","1.18.0",NA,"R (>= 2.10), methods, BiocGenerics (>= 0.15.3), S4Vectors (>=
0.19.11), IRanges (>= 2.15.12), GenomeInfoDb (>= 1.13.1),
GenomicRanges (>= 1.33.4), SummarizedExperiment (>= 1.9.13),
Biostrings (>= 2.47.6), Rsamtools (>= 1.31.2)","methods, utils, stats, BiocGenerics, S4Vectors, IRanges,
GenomicRanges, Biostrings, Rsamtools, BiocParallel","yes","3.5.1","Other"
"98","GenomicFeatures","/Library/Frameworks/R.framework/Versions/3.5/Resources/library","1.34.1",NA,"BiocGenerics (>= 0.1.0), S4Vectors (>= 0.17.29), IRanges (>=
2.13.23), GenomeInfoDb (>= 1.15.4), GenomicRanges (>= 1.31.17),
AnnotationDbi (>= 1.41.4)","methods, utils, stats, tools, DBI, RSQLite (>= 2.0), RCurl,
XVector (>= 0.19.7), Biostrings (>= 2.47.6), rtracklayer (>=
1.39.7), biomaRt (>= 2.17.1), Biobase (>= 2.15.1)","no","3.5.1","Other"
"99","GenomicRanges","/Library/Frameworks/R.framework/Versions/3.5/Resources/library","1.34.0",NA,"R (>= 2.10), methods, stats4, BiocGenerics (>= 0.25.3),
S4Vectors (>= 0.19.11), IRanges (>= 2.15.12), GenomeInfoDb (>=
1.15.2)","utils, stats, XVector (>= 0.19.8)","yes","3.5.1","Other"
"100","GenSA","/Library/Frameworks/R.framework/Versions/3.5/Resources/library","1.1.7",NA,"R (>= 2.12.0)",NA,"yes","3.5.0","CRAN"
"101","ggalluvial","/Library/Frameworks/R.framework/Versions/3.5/Resources/library","0.9.1",NA,"R (>= 3.3.0), ggplot2 (>= 2.2.0)","stats, dplyr (>= 0.7.0), tidyr (>= 0.7.0), lazyeval, rlang,
tidyselect","no","3.5.0","CRAN"
"102","GGally","/Library/Frameworks/R.framework/Versions/3.5/Resources/library","1.4.0",NA,"R (>= 3.1), ggplot2 (> 2.2.0)","grDevices, grid, gtable (>= 0.2.0), plyr (>= 1.8.3), progress,
RColorBrewer, reshape (>= 0.8.5), utils, rlang","no","3.5.0","CRAN"
"103","ggbio","/Library/Frameworks/R.framework/Versions/3.5/Resources/library","1.30.0",NA,"methods, BiocGenerics, ggplot2 (>= 1.0.0)","grid, grDevices, graphics, stats, utils, gridExtra, scales,
reshape2, gtable, Hmisc, biovizBase (>= 1.29.2), Biobase,
S4Vectors (>= 0.13.13), IRanges (>= 2.11.16), GenomeInfoDb (>=
1.1.3), GenomicRanges (>= 1.29.14), SummarizedExperiment,
Biostrings, Rsamtools (>= 1.17.28), GenomicAlignments (>=
1.1.16), BSgenome, VariantAnnotation (>= 1.11.4), rtracklayer
(>= 1.25.16), GenomicFeatures (>= 1.29.11), OrganismDbi,
GGally, ensembldb (>= 1.99.13), AnnotationDbi,
AnnotationFilter, rlang","no","3.5.1","Other"
"104","ggbiplot","/Library/Frameworks/R.framework/Versions/3.5/Resources/library","0.55",NA,"ggplot2, plyr, scales, grid",NA,"no","3.5.1","GitHub repo = vqv/ggbiplot"
"105","ggfittext","/Library/Frameworks/R.framework/Versions/3.5/Resources/library","0.6.0",NA,"R (>= 3.1)","grid (>= 3.1), stringi (>= 1.1.2), ggplot2 (>= 2.2.1)","no","3.5.0","CRAN"
"106","ggforce","/Library/Frameworks/R.framework/Versions/3.5/Resources/library","0.2.0",NA,"ggplot2 (>= 3.0.0), R (>= 3.3.0)","Rcpp (>= 0.12.2), grid, scales, MASS, tweenr (>= 0.1.5),
gtable, rlang, polyclip, stats, grDevices","yes","3.5.2","CRAN"
"107","gggenes","/Library/Frameworks/R.framework/Versions/3.5/Resources/library","0.3.2",NA,"R (>= 3.3.0)","grid (>= 3.3.0), ggplot2 (>= 2.2.1), ggfittext (>= 0.4.3),
rlang (>= 0.2.0)","no","3.5.0","CRAN"
"108","ggmap","/Library/Frameworks/R.framework/Versions/3.5/Resources/library","3.0.0",NA,"R (>= 3.1.0), ggplot2 (>= 2.2.0)","RgoogleMaps, png, plyr, rjson, jpeg, digest, scales, dplyr,
bitops, grid, glue, httr, stringr, purrr, magrittr, tibble,
tidyr","no","3.5.2","CRAN"
"109","ggplot2","/Library/Frameworks/R.framework/Versions/3.5/Resources/library","3.1.1",NA,"R (>= 3.1)","digest, grid, gtable (>= 0.1.1), lazyeval, MASS, mgcv, plyr
(>= 1.7.1), reshape2, rlang (>= 0.2.1), scales (>= 0.5.0),
stats, tibble, viridisLite, withr (>= 2.0.0)","no","3.5.2","CRAN"
"110","ggplotify","/Library/Frameworks/R.framework/Versions/3.5/Resources/library","0.0.3",NA,"R (>= 3.4.0)","ggplot2, graphics, grDevices, grid, gridGraphics, rvcheck","no","3.5.0","CRAN"
"111","ggpubr","/Library/Frameworks/R.framework/Versions/3.5/Resources/library","0.2",NA,"R (>= 3.1.0), ggplot2, magrittr","ggrepel, grid, ggsci, stats, utils, tidyr, purrr, dplyr(>=
0.7.1), cowplot, ggsignif, scales, gridExtra, glue, polynom","no","3.5.0","CRAN"
"112","ggraph","/Library/Frameworks/R.framework/Versions/3.5/Resources/library","1.0.2",NA,"R (>= 2.10), ggplot2 (>= 2.0.0)","Rcpp (>= 0.12.2), dplyr, plyr, ggforce, grid, igraph (>=
1.0.0), scales, MASS, digest, gtable, ggrepel, utils, stats,
viridis","yes","3.5.0","CRAN"
"113","ggrepel","/Library/Frameworks/R.framework/Versions/3.5/Resources/library","0.8.0",NA,"R (>= 3.0.0), ggplot2 (>= 2.2.0)","grid, Rcpp, scales (>= 0.3.0)","yes","3.5.0","CRAN"
"114","ggsci","/Library/Frameworks/R.framework/Versions/3.5/Resources/library","2.9",NA,"R (>= 3.0.2)","grDevices, scales, ggplot2 (>= 2.0.0)","no","3.5.0","CRAN"
"115","ggsignif","/Library/Frameworks/R.framework/Versions/3.5/Resources/library","0.4.0",NA,NA,"ggplot2 (>= 2.0.0)","no","3.5.0","CRAN"
"116","ggsn","/Library/Frameworks/R.framework/Versions/3.5/Resources/library","0.5.0",NA,"R (>= 3.4), ggplot2, grid","sf, png, maptools, ggmap, graphics, utils","no","3.5.2","CRAN"
"117","ggthemes","/Library/Frameworks/R.framework/Versions/3.5/Resources/library","4.1.0",NA,"R (>= 3.3.0)","ggplot2 (>= 3.0.0), graphics, grid, methods, purrr, scales,
stringr, tibble","no","3.5.2","CRAN"
"118","ggtree","/Library/Frameworks/R.framework/Versions/3.5/Resources/library","1.14.4",NA,"R (>= 3.4.0)","ape, dplyr, ggplot2 (>= 3.0.0), grDevices, grid, magrittr,
methods, purrr, rlang, rvcheck (>= 0.1.0), scales, tibble,
tidyr, tidytree (>= 0.1.9), treeio (>= 1.3.14), utils","no","3.5.1","Other"
"119","gh","/Library/Frameworks/R.framework/Versions/3.5/Resources/library","1.0.1",NA,NA,"ini, jsonlite, httr","no","3.5.0","CRAN"
"120","gistr","/Library/Frameworks/R.framework/Versions/3.5/Resources/library","0.4.2",NA,NA,"jsonlite (>= 1.4), httr (>= 1.2.0), magrittr, assertthat,
knitr, rmarkdown, dplyr","no","3.5.0","CRAN"
"121","git2r","/Library/Frameworks/R.framework/Versions/3.5/Resources/library","0.24.0",NA,"R (>= 3.1)","graphics, utils","yes","3.5.2","CRAN"
"122","GlobalOptions","/Library/Frameworks/R.framework/Versions/3.5/Resources/library","0.1.0",NA,"R (>= 3.3.0), methods","utils","no","3.5.0","CRAN"
"123","glue","/Library/Frameworks/R.framework/Versions/3.5/Resources/library","1.3.1",NA,"R (>= 3.1)","methods","yes","3.5.2","CRAN"
"124","gmodels","/Library/Frameworks/R.framework/Versions/3.5/Resources/library","2.18.1",NA,"R (>= 1.9.0)","MASS, gdata","no","3.5.0","CRAN"
"125","gmp","/Library/Frameworks/R.framework/Versions/3.5/Resources/library","0.5-13.2",NA,"R (>= 3.0.0)","methods","yes","3.5.0","CRAN"
"126","gplots","/Library/Frameworks/R.framework/Versions/3.5/Resources/library","3.0.1",NA,"R (>= 3.0)","gtools, gdata, stats, caTools, KernSmooth","no","3.5.0","CRAN"
"127","graph","/Library/Frameworks/R.framework/Versions/3.5/Resources/library","1.60.0",NA,"R (>= 2.10), methods, BiocGenerics (>= 0.13.11)","stats, stats4, utils","yes","3.5.1","Other"
"128","gridExtra","/Library/Frameworks/R.framework/Versions/3.5/Resources/library","2.3",NA,NA,"gtable, grid, grDevices, graphics, utils","no","3.5.0","CRAN"
"129","gridGraphics","/Library/Frameworks/R.framework/Versions/3.5/Resources/library","0.4-1",NA,"grid, graphics","grDevices","no","3.5.2","CRAN"
"130","gtable","/Library/Frameworks/R.framework/Versions/3.5/Resources/library","0.3.0",NA,"R (>= 3.0)","grid","no","3.5.2","CRAN"
"131","gtools","/Library/Frameworks/R.framework/Versions/3.5/Resources/library","3.8.1",NA,"methods, stats, utils",NA,"yes","3.5.0","CRAN"
"132","haven","/Library/Frameworks/R.framework/Versions/3.5/Resources/library","2.0.0",NA,"R (>= 3.1)","forcats (>= 0.2.0), hms, Rcpp (>= 0.11.4), readr (>= 0.1.0),
tibble","yes","3.5.0","CRAN"
"133","hexbin","/Library/Frameworks/R.framework/Versions/3.5/Resources/library","1.27.2",NA,"R (>= 2.0.1), methods","lattice, grid, graphics, grDevices, stats, utils","yes","3.5.0","CRAN"
"134","highr","/Library/Frameworks/R.framework/Versions/3.5/Resources/library","0.7",NA,"R (>= 3.0.2)",NA,"no","3.5.0","CRAN"
"135","Hmisc","/Library/Frameworks/R.framework/Versions/3.5/Resources/library","4.1-1",NA,"lattice, survival (>= 2.40-1), Formula, ggplot2 (>= 2.2)","methods, latticeExtra, cluster, rpart, nnet, acepack, foreign,
gtable, grid, gridExtra, data.table, htmlTable (>= 1.11.0),
viridis, htmltools, base64enc","yes","3.5.0","CRAN"
"136","hms","/Library/Frameworks/R.framework/Versions/3.5/Resources/library","0.4.2",NA,NA,"methods, pkgconfig, rlang","no","3.5.0","CRAN"
"137","htmlTable","/Library/Frameworks/R.framework/Versions/3.5/Resources/library","1.13",NA,NA,"stringr, knitr (>= 1.6), magrittr (>= 1.5), methods,
checkmate, htmlwidgets, htmltools, rstudioapi (>= 0.6)","no","3.5.2","CRAN"
"138","htmltools","/Library/Frameworks/R.framework/Versions/3.5/Resources/library","0.3.6",NA,"R (>= 2.14.1)","utils, digest, Rcpp","yes","3.5.0","CRAN"
"139","htmlwidgets","/Library/Frameworks/R.framework/Versions/3.5/Resources/library","1.3",NA,NA,"grDevices, htmltools (>= 0.3), jsonlite (>= 0.9.16), yaml","no","3.5.0","CRAN"
"140","httpuv","/Library/Frameworks/R.framework/Versions/3.5/Resources/library","1.4.5.1",NA,"R (>= 2.15.1), methods","Rcpp (>= 0.11.0), utils, promises, later (>= 0.7.3)","yes","3.5.0","CRAN"
"141","httr","/Library/Frameworks/R.framework/Versions/3.5/Resources/library","1.4.0",NA,"R (>= 3.1)","curl (>= 0.9.1), jsonlite, mime, openssl (>= 0.8), R6","no","3.5.1","CRAN"
"142","ICCbin","/Library/Frameworks/R.framework/Versions/3.5/Resources/library","1.1.1",NA,NA,"stats","no","3.5.0","CRAN"
"143","igraph","/Library/Frameworks/R.framework/Versions/3.5/Resources/library","1.2.2",NA,"methods","graphics, grDevices, magrittr, Matrix, pkgconfig (>= 2.0.0),
stats, utils","yes","3.5.0","CRAN"
"144","influenceR","/Library/Frameworks/R.framework/Versions/3.5/Resources/library","0.1.0",NA,"R (>= 3.2.0)","igraph (>= 1.0.1), Matrix (>= 1.1-4), methods, utils","yes","3.5.0","CRAN"
"145","ini","/Library/Frameworks/R.framework/Versions/3.5/Resources/library","0.3.1",NA,NA,NA,"no","3.5.0","CRAN"
"146","inline","/Library/Frameworks/R.framework/Versions/3.5/Resources/library","0.3.15",NA,"R (>= 2.4.0)","methods","no","3.5.0","CRAN"
"147","IRanges","/Library/Frameworks/R.framework/Versions/3.5/Resources/library","2.16.0",NA,"R (>= 3.1.0), methods, utils, stats, BiocGenerics (>= 0.25.3),
S4Vectors (>= 0.19.11)","stats4","yes","3.5.1","Other"
"148","iterators","/Library/Frameworks/R.framework/Versions/3.5/Resources/library","1.0.10",NA,"R (>= 2.5.0), utils",NA,"no","3.5.0","CRAN"
"149","jaccard","/Library/Frameworks/R.framework/Versions/3.5/Resources/library","0.1.0",NA,NA,"Rcpp (>= 0.12.6), qvalue, dplyr, magrittr","yes","3.5.0","CRAN"
"150","jomo","/Library/Frameworks/R.framework/Versions/3.5/Resources/library","2.6-7",NA,NA,"stats, lme4, survival, MASS, ordinal","yes","3.5.2","CRAN"
"151","jpeg","/Library/Frameworks/R.framework/Versions/3.5/Resources/library","0.1-8",NA,"R (>= 2.9.0)",NA,"yes","3.5.0","CRAN"
"152","jsonlite","/Library/Frameworks/R.framework/Versions/3.5/Resources/library","1.6",NA,"methods",NA,"yes","3.5.0","CRAN"
"153","kableExtra","/Library/Frameworks/R.framework/Versions/3.5/Resources/library","0.9.0",NA,"R (>= 3.1.0)","knitr (>= 1.16), magrittr, stringr (>= 1.0), xml2 (>= 1.1.1),
rvest, rmarkdown (>= 1.6.0), readr, scales, viridisLite, stats,
grDevices, htmltools, rstudioapi","no","3.5.0","CRAN"
"154","KernSmooth","/Library/Frameworks/R.framework/Versions/3.5/Resources/library","2.23-15","recommended","R (>= 2.5.0), stats",NA,"yes","3.5.0","CRAN"
"155","km.ci","/Library/Frameworks/R.framework/Versions/3.5/Resources/library","0.5-2",NA,"R (>= 1.8.0), survival, stats",NA,NA,"3.5.0","CRAN"
"156","kmeansstep","/Library/Frameworks/R.framework/Versions/3.5/Resources/library","1.0.1",NA,"R (>= 3.1.1)",NA,"no","3.5.1","R-Forge"
"157","KMsurv","/Library/Frameworks/R.framework/Versions/3.5/Resources/library","0.1-5",NA,NA,NA,NA,"3.5.0","CRAN"
"158","knitr","/Library/Frameworks/R.framework/Versions/3.5/Resources/library","1.21",NA,"R (>= 3.1.0)","evaluate (>= 0.10), highr, markdown, stringr (>= 0.6), yaml
(>= 2.1.19), methods, xfun, tools","no","3.5.1","CRAN"
"159","koRpus","/Library/Frameworks/R.framework/Versions/3.5/Resources/library","0.11-5",NA,"R (>= 3.0.0),sylly (>= 0.1-4)","data.table,methods","no","3.5.1","CRAN"
"160","koRpus.lang.en","/Library/Frameworks/R.framework/Versions/3.5/Resources/library","0.1-3",NA,"R (>= 3.1),koRpus (>= 0.11-2)","methods,sylly.en","no","3.5.1","CRAN"
"161","labeling","/Library/Frameworks/R.framework/Versions/3.5/Resources/library","0.3",NA,NA,NA,"no","3.5.0","CRAN"
"162","lambda.r","/Library/Frameworks/R.framework/Versions/3.5/Resources/library","1.2.3",NA,"R (>= 3.0.0)","formatR","no","3.5.0","CRAN"
"163","LambertW","/Library/Frameworks/R.framework/Versions/3.5/Resources/library","0.6.4",NA,"MASS, ggplot2,","lamW (>= 1.0.0), stats, graphics, grDevices, RColorBrewer,
reshape2, Rcpp","yes","3.5.0","CRAN"
"164","lamW","/Library/Frameworks/R.framework/Versions/3.5/Resources/library","1.3.0",NA,"R (>= 3.0.2)","Rcpp, RcppParallel (>= 4.3.20)","yes","3.5.0","CRAN"
"165","later","/Library/Frameworks/R.framework/Versions/3.5/Resources/library","0.7.5",NA,NA,"Rcpp (>= 0.12.9), rlang","yes","3.5.0","CRAN"
"166","lattice","/Library/Frameworks/R.framework/Versions/3.5/Resources/library","0.20-38","recommended","R (>= 3.0.0)","grid, grDevices, graphics, stats, utils","yes","3.5.0","CRAN"
"167","latticeExtra","/Library/Frameworks/R.framework/Versions/3.5/Resources/library","0.6-28",NA,"R (>= 2.10.0), lattice, RColorBrewer","grid, stats, utils, grDevices","no","3.5.0","CRAN"
"168","lazyeval","/Library/Frameworks/R.framework/Versions/3.5/Resources/library","0.2.2",NA,"R (>= 3.1.0)",NA,"yes","3.5.2","CRAN"
"169","leaflet","/Library/Frameworks/R.framework/Versions/3.5/Resources/library","2.0.2",NA,"R (>= 3.1.0)","base64enc, crosstalk, htmlwidgets, htmltools, magrittr,
markdown, methods, png, RColorBrewer, raster, scales (>=
1.0.0), sp, stats, viridis (>= 0.5.1)","no","3.5.0","CRAN"
"170","LearnBayes","/Library/Frameworks/R.framework/Versions/3.5/Resources/library","2.15.1",NA,NA,NA,"no","3.5.0","CRAN"
"171","lme4","/Library/Frameworks/R.framework/Versions/3.5/Resources/library","1.1-19",NA,"R (>= 3.2.0), Matrix (>= 1.2-1), methods, stats","graphics, grid, splines, utils, parallel, MASS, lattice, nlme
(>= 3.1-123), minqa (>= 1.1.15), nloptr (>= 1.0.4)","yes","3.5.0","CRAN"
"172","loo","/Library/Frameworks/R.framework/Versions/3.5/Resources/library","2.0.0",NA,"R (>= 3.1.2)","graphics, matrixStats (>= 0.52), parallel, stats","no","3.5.0","CRAN"
"173","lubridate","/Library/Frameworks/R.framework/Versions/3.5/Resources/library","1.7.4",NA,"methods, R (>= 3.0.0)","stringr, Rcpp (>= 0.12.13),","yes","3.5.0","CRAN"
"174","lwgeom","/Library/Frameworks/R.framework/Versions/3.5/Resources/library","0.1-5",NA,"R (>= 3.3.0)","Rcpp, units, sf (>= 0.6-0)","yes","3.5.0","CRAN"
"175","mada","/Library/Frameworks/R.framework/Versions/3.5/Resources/library","0.5.8",NA,"stats, mvtnorm, ellipse, mvmeta",NA,"no","3.5.0","CRAN"
"176","magick","/Library/Frameworks/R.framework/Versions/3.5/Resources/library","2.0",NA,NA,"Rcpp (>= 0.12.12), magrittr, curl","yes","3.5.0","CRAN"
"177","magrittr","/Library/Frameworks/R.framework/Versions/3.5/Resources/library","1.5",NA,NA,NA,"no","3.5.0","CRAN"
"178","maps","/Library/Frameworks/R.framework/Versions/3.5/Resources/library","3.3.0",NA,"R (>= 3.0.0)","graphics, utils","yes","3.5.0","CRAN"
"179","maptools","/Library/Frameworks/R.framework/Versions/3.5/Resources/library","0.9-5",NA,"R (>= 2.10), sp (>= 1.0-11)","foreign (>= 0.8), methods, grid, lattice, stats, utils,
grDevices","yes","3.5.2","CRAN"
"180","mapview","/Library/Frameworks/R.framework/Versions/3.5/Resources/library","2.6.3",NA,"methods, R (>= 2.10)","base64enc, brew, htmltools, htmlwidgets, lattice, leaflet (>=
2.0.0), png, raster, Rcpp (>= 0.11.3), satellite, scales (>=
0.2.5), sf, sp, svglite, uuid, viridisLite, webshot","yes","3.5.0","CRAN"
"181","markdown","/Library/Frameworks/R.framework/Versions/3.5/Resources/library","0.9",NA,"R (>= 2.11.1)","utils, mime (>= 0.3)","yes","3.5.0","CRAN"
"182","MASS","/Library/Frameworks/R.framework/Versions/3.5/Resources/library","7.3-51.1","recommended","R (>= 3.1.0), grDevices, graphics, stats, utils","methods","yes","3.5.0","CRAN"
"183","Matrix","/Library/Frameworks/R.framework/Versions/3.5/Resources/library","1.2-15","recommended","R (>= 3.2.0)","methods, graphics, grid, stats, utils, lattice","yes","3.5.0","CRAN"
"184","matrixStats","/Library/Frameworks/R.framework/Versions/3.5/Resources/library","0.54.0",NA,"R (>= 2.12.0)",NA,"yes","3.5.0","CRAN"
"185","maxstat","/Library/Frameworks/R.framework/Versions/3.5/Resources/library","0.7-25",NA,"R (>= 1.7.0)","exactRankTests(>= 0.8-23), mvtnorm(>= 0.5-10), stats, graphics","yes","3.5.0","CRAN"
"186","memoise","/Library/Frameworks/R.framework/Versions/3.5/Resources/library","1.1.0",NA,NA,"digest (>= 0.6.3)","no","3.5.0","CRAN"
"187","meta","/Library/Frameworks/R.framework/Versions/3.5/Resources/library","4.9-4",NA,"R (>= 2.9.1)","grid","no","3.5.2","CRAN"
"188","metafor","/Library/Frameworks/R.framework/Versions/3.5/Resources/library","2.0-0",NA,"R (>= 3.2.0), methods, Matrix","stats, utils, graphics, grDevices, nlme","no","3.5.0","CRAN"
"189","mgcv","/Library/Frameworks/R.framework/Versions/3.5/Resources/library","1.8-26","recommended","R (>= 2.14.0), nlme (>= 3.1-64)","methods, stats, graphics, Matrix","yes","3.5.0","CRAN"
"190","mice","/Library/Frameworks/R.framework/Versions/3.5/Resources/library","3.4.0",NA,"methods, R (>= 2.10.0), lattice","broom, dplyr, grDevices, graphics, MASS, mitml, nnet,
parallel, Rcpp, rlang, rpart, splines, stats, survival, utils","yes","3.5.2","CRAN"
"191","mime","/Library/Frameworks/R.framework/Versions/3.5/Resources/library","0.6",NA,NA,"tools","yes","3.5.0","CRAN"
"192","miniUI","/Library/Frameworks/R.framework/Versions/3.5/Resources/library","0.1.1.1",NA,NA,"shiny (>= 0.13), htmltools (>= 0.3), utils","no","3.5.1","CRAN"
"193","minqa","/Library/Frameworks/R.framework/Versions/3.5/Resources/library","1.2.4",NA,NA,"Rcpp (>= 0.9.10)","yes","3.5.0","CRAN"
"194","mitml","/Library/Frameworks/R.framework/Versions/3.5/Resources/library","0.3-7",NA,NA,"pan, jomo, haven, grDevices, graphics, stats, utils","no","3.5.2","CRAN"
"195","mnormt","/Library/Frameworks/R.framework/Versions/3.5/Resources/library","1.5-5",NA,"R (>= 2.2.0)",NA,"yes","3.5.0","CRAN"
"196","modelr","/Library/Frameworks/R.framework/Versions/3.5/Resources/library","0.1.2",NA,"R (>= 3.1)","broom, dplyr, magrittr, purrr (>= 0.2.2), tibble, tidyr (>=
0.8.0), rlang (>= 0.2.0)","no","3.5.0","CRAN"
"197","munsell","/Library/Frameworks/R.framework/Versions/3.5/Resources/library","0.5.0",NA,NA,"colorspace, methods","no","3.5.0","CRAN"
"198","mvmeta","/Library/Frameworks/R.framework/Versions/3.5/Resources/library","0.4.11",NA,"R (>= 2.13.0)","stats, graphics, grDevices, utils","no","3.5.0","CRAN"
"199","mvtnorm","/Library/Frameworks/R.framework/Versions/3.5/Resources/library","1.0-8",NA,"R(>= 1.9.0)","stats, methods","yes","3.5.0","CRAN"
"200","nlme","/Library/Frameworks/R.framework/Versions/3.5/Resources/library","3.1-137","recommended","R (>= 3.4.0)","graphics, stats, utils, lattice","yes","3.5.0","CRAN"
"201","nloptr","/Library/Frameworks/R.framework/Versions/3.5/Resources/library","1.2.1",NA,NA,NA,"yes","3.5.0","CRAN"
"202","nnet","/Library/Frameworks/R.framework/Versions/3.5/Resources/library","7.3-12","recommended","R (>= 2.14.0), stats, utils",NA,"yes","3.5.0","CRAN"
"203","numDeriv","/Library/Frameworks/R.framework/Versions/3.5/Resources/library","2016.8-1",NA,"R (>= 2.11.1)",NA,"no","3.5.0","CRAN"
"204","openssl","/Library/Frameworks/R.framework/Versions/3.5/Resources/library","1.1",NA,NA,NA,"yes","3.5.0","CRAN"
"205","ordinal","/Library/Frameworks/R.framework/Versions/3.5/Resources/library","2019.3-9",NA,"R (>= 2.13.0), stats, methods","ucminf, MASS, Matrix, numDeriv","yes","3.5.2","CRAN"
"206","OrganismDbi","/Library/Frameworks/R.framework/Versions/3.5/Resources/library","1.24.0",NA,"R (>= 2.14.0), methods, BiocGenerics (>= 0.15.10),
AnnotationDbi (>= 1.33.15), GenomicFeatures (>= 1.23.31)","Biobase, BiocManager, GenomicRanges (>= 1.31.13), graph,
IRanges, RBGL, DBI, S4Vectors (>= 0.9.25), stats","no","3.5.1","Other"
"207","pan","/Library/Frameworks/R.framework/Versions/3.5/Resources/library","1.6",NA,NA,NA,"yes","3.5.0","CRAN"
"208","pdftools","/Library/Frameworks/R.framework/Versions/3.5/Resources/library","2.2",NA,NA,"Rcpp (>= 0.12.12), qpdf","yes","3.5.2","CRAN"
"209","permute","/Library/Frameworks/R.framework/Versions/3.5/Resources/library","0.9-4",NA,"R (>= 2.14.0)","stats","no","3.5.0","CRAN"
"210","phangorn","/Library/Frameworks/R.framework/Versions/3.5/Resources/library","2.4.0",NA,"R (>= 3.2.0), ape (>= 5.0)","quadprog, igraph (>= 1.0), Matrix, parallel, methods, utils,
stats, graphics, grDevices, fastmatch, magrittr, Rcpp (>=
0.12.0)","yes","3.5.0","CRAN"
"211","pheatmap","/Library/Frameworks/R.framework/Versions/3.5/Resources/library","1.0.12",NA,"R (>= 2.0)","grid, RColorBrewer, scales, gtable, stats, grDevices, graphics","no","3.5.2","CRAN"
"212","phytools","/Library/Frameworks/R.framework/Versions/3.5/Resources/library","0.6-60",NA,"R (>= 3.2.0), ape (>= 4.0), maps","animation, clusterGeneration, coda, combinat, expm, graphics,
grDevices, MASS, methods, mnormt, nlme, numDeriv, phangorn (>=
2.3.1), plotrix, scatterplot3d, stats, utils","no","3.5.0","CRAN"
"213","pillar","/Library/Frameworks/R.framework/Versions/3.5/Resources/library","1.4.1",NA,NA,"cli, crayon (>= 1.3.4), fansi, rlang (>= 0.3.0), utf8 (>=
1.1.0), vctrs","no","3.5.2","CRAN"
"214","pkgbuild","/Library/Frameworks/R.framework/Versions/3.5/Resources/library","1.0.2",NA,"R (>= 3.1)","callr (>= 2.0.0), cli, crayon, desc, prettyunits, R6,
rprojroot, withr (>= 2.1.2)","no","3.5.0","CRAN"
"215","pkgconfig","/Library/Frameworks/R.framework/Versions/3.5/Resources/library","2.0.2",NA,NA,"utils","no","3.5.0","CRAN"
"216","pkgload","/Library/Frameworks/R.framework/Versions/3.5/Resources/library","1.0.2",NA,NA,"desc, methods, pkgbuild, rlang, rprojroot, rstudioapi, utils,
withr","yes","3.5.0","CRAN"
"217","plogr","/Library/Frameworks/R.framework/Versions/3.5/Resources/library","0.2.0",NA,NA,NA,"no","3.5.0","CRAN"
"218","plotrix","/Library/Frameworks/R.framework/Versions/3.5/Resources/library","3.7-4",NA,NA,"grDevices, graphics, stats, utils","no","3.5.0","CRAN"
"219","plyr","/Library/Frameworks/R.framework/Versions/3.5/Resources/library","1.8.4",NA,"R (>= 3.1.0)","Rcpp (>= 0.11.0)","yes","3.5.0","CRAN"
"220","png","/Library/Frameworks/R.framework/Versions/3.5/Resources/library","0.1-7",NA,"R (>= 2.9.0)",NA,"yes","3.5.0","CRAN"
"221","polyclip","/Library/Frameworks/R.framework/Versions/3.5/Resources/library","1.9-1",NA,"R (>= 3.0.0)",NA,"yes","3.5.0","CRAN"
"222","polylabelr","/Library/Frameworks/R.framework/Versions/3.5/Resources/library","0.1.0",NA,"R (>= 3.3.0)","Rcpp","yes","3.5.0","CRAN"
"223","polynom","/Library/Frameworks/R.framework/Versions/3.5/Resources/library","1.3-9",NA,NA,"stats, graphics","no","3.5.0","CRAN"
"224","praise","/Library/Frameworks/R.framework/Versions/3.5/Resources/library","1.0.0",NA,NA,NA,"no","3.5.1","CRAN"
"225","prettyunits","/Library/Frameworks/R.framework/Versions/3.5/Resources/library","1.0.2",NA,NA,"magrittr, assertthat, methods","no","3.5.0","CRAN"
"226","processx","/Library/Frameworks/R.framework/Versions/3.5/Resources/library","3.2.1",NA,NA,"ps, R6, utils","yes","3.5.0","CRAN"
"227","progress","/Library/Frameworks/R.framework/Versions/3.5/Resources/library","1.2.0",NA,NA,"hms, prettyunits, R6, crayon","no","3.5.0","CRAN"
"228","promises","/Library/Frameworks/R.framework/Versions/3.5/Resources/library","1.0.1",NA,NA,"R6, Rcpp, later, rlang, stats, magrittr","yes","3.5.0","CRAN"
"229","ProtGenerics","/Library/Frameworks/R.framework/Versions/3.5/Resources/library","1.14.0",NA,"methods",NA,"no","3.5.1","Other"
"230","pryr","/Library/Frameworks/R.framework/Versions/3.5/Resources/library","0.1.4",NA,"R (>= 3.1.0)","stringr, codetools, methods, Rcpp (>= 0.11.0)","yes","3.5.0","CRAN"
"231","ps","/Library/Frameworks/R.framework/Versions/3.5/Resources/library","1.3.0",NA,"R (>= 3.1)","utils","yes","3.5.0","CRAN"
"232","purrr","/Library/Frameworks/R.framework/Versions/3.5/Resources/library","0.2.5",NA,"R (>= 3.1)","magrittr (>= 1.5), rlang (>= 0.1), tibble","yes","3.5.0","CRAN"
"233","qpdf","/Library/Frameworks/R.framework/Versions/3.5/Resources/library","1.1",NA,NA,"Rcpp, askpass, curl","yes","3.5.2","CRAN"
"234","quadprog","/Library/Frameworks/R.framework/Versions/3.5/Resources/library","1.5-5",NA,"R (>= 2.15.0)",NA,"yes","3.5.0","CRAN"
"235","qvalue","/Library/Frameworks/R.framework/Versions/3.5/Resources/library","2.14.0",NA,"R(>= 2.10)","splines, ggplot2, grid, reshape2","no","3.5.1","Other"
"236","R6","/Library/Frameworks/R.framework/Versions/3.5/Resources/library","2.4.0",NA,"R (>= 3.0)",NA,"no","3.5.2","CRAN"
"237","raster","/Library/Frameworks/R.framework/Versions/3.5/Resources/library","2.8-4",NA,"methods, sp (>= 1.2-0), R (>= 3.0.0)","Rcpp","yes","3.5.0","CRAN"
"238","RBGL","/Library/Frameworks/R.framework/Versions/3.5/Resources/library","1.58.1",NA,"graph, methods","methods","yes","3.5.1","Other"
"239","rbokeh","/Library/Frameworks/R.framework/Versions/3.5/Resources/library","0.5.0",NA,NA,"htmlwidgets (>= 0.5), maps, methods, jsonlite, digest, hexbin,
lazyeval, pryr, magrittr, ggplot2, scales, gistr","no","3.5.0","CRAN"
"240","rcmdcheck","/Library/Frameworks/R.framework/Versions/3.5/Resources/library","1.3.2",NA,NA,"callr (>= 2.0.0), cli, crayon, desc (>= 1.2.0), digest,
pkgbuild, prettyunits, R6, rprojroot, sessioninfo (>= 1.1.1),
utils, withr, xopen","no","3.5.0","CRAN"
"241","RColorBrewer","/Library/Frameworks/R.framework/Versions/3.5/Resources/library","1.1-2",NA,"R (>= 2.0.0)",NA,"no","3.5.0","CRAN"
"242","Rcpp","/Library/Frameworks/R.framework/Versions/3.5/Resources/library","1.0.1",NA,"R (>= 3.0.0)","methods, utils","yes","3.5.2","CRAN"
"243","RcppArmadillo","/Library/Frameworks/R.framework/Versions/3.5/Resources/library","0.9.200.5.0",NA,"R (>= 3.3.0)","Rcpp (>= 0.11.0), stats, utils, methods","yes","3.5.0","CRAN"
"244","RcppEigen","/Library/Frameworks/R.framework/Versions/3.5/Resources/library","0.3.3.5.0",NA,"R (>= 2.15.1)","Matrix (>= 1.1-0), Rcpp (>= 0.11.0), stats, utils","yes","3.5.0","CRAN"
"245","RcppParallel","/Library/Frameworks/R.framework/Versions/3.5/Resources/library","4.4.2",NA,"R (>= 3.0.2)",NA,"yes","3.5.0","CRAN"
"246","RCurl","/Library/Frameworks/R.framework/Versions/3.5/Resources/library","1.95-4.11",NA,"R (>= 3.0.0), methods, bitops",NA,"yes","3.5.0","CRAN"
"247","readr","/Library/Frameworks/R.framework/Versions/3.5/Resources/library","1.3.1",NA,"R (>= 3.1)","Rcpp (>= 0.12.0.5), tibble, hms (>= 0.4.1), R6, clipr, crayon,
methods","yes","3.5.0","CRAN"
"248","readxl","/Library/Frameworks/R.framework/Versions/3.5/Resources/library","1.2.0",NA,NA,"cellranger, progress, Rcpp (>= 0.12.18), tibble (>= 1.3.1),
utils","yes","3.5.0","CRAN"
"249","RefManageR","/Library/Frameworks/R.framework/Versions/3.5/Resources/library","1.2.0",NA,"R (>= 3.0)","xml2, jsonlite, utils, plyr, tools, httr, bibtex (>= 0.4.1),
lubridate (>= 1.5.0), stringr, methods","no","3.5.0","CRAN"
"250","rematch","/Library/Frameworks/R.framework/Versions/3.5/Resources/library","1.0.1",NA,NA,NA,"no","3.5.0","CRAN"
"251","remotes","/Library/Frameworks/R.framework/Versions/3.5/Resources/library","2.0.2",NA,"R (>= 3.0.0)","methods, utils","no","3.5.0","CRAN"
"252","reprex","/Library/Frameworks/R.framework/Versions/3.5/Resources/library","0.2.1",NA,"R (>= 3.1)","callr (>= 2.0.0), clipr (>= 0.4.0), fs, rlang, rmarkdown,
tools, utils, whisker, withr","no","3.5.0","CRAN"
"253","reshape","/Library/Frameworks/R.framework/Versions/3.5/Resources/library","0.8.8",NA,"R (>= 2.6.1)","plyr","yes","3.5.0","CRAN"
"254","reshape2","/Library/Frameworks/R.framework/Versions/3.5/Resources/library","1.4.3",NA,"R (>= 3.1)","plyr (>= 1.8.1), Rcpp, stringr","yes","3.5.0","CRAN"
"255","reutils","/Library/Frameworks/R.framework/Versions/3.5/Resources/library","0.2.3",NA,"R (>= 3.2.0)","assertthat, jsonlite, methods, RCurl, stats, XML, tibble (>=
1.2)","no","3.5.0","CRAN"
"256","rex","/Library/Frameworks/R.framework/Versions/3.5/Resources/library","1.1.2",NA,NA,"magrittr, lazyeval","no","3.5.1","CRAN"
"257","rgdal","/Library/Frameworks/R.framework/Versions/3.5/Resources/library","1.3-6",NA,"R (>= 3.3.0), methods, sp (>= 1.1-0)","grDevices, graphics, stats, utils","yes","3.5.0","CRAN"
"258","rgeos","/Library/Frameworks/R.framework/Versions/3.5/Resources/library","0.4-2",NA,"R (>= 3.3.0)","methods, sp (>= 1.1-0), utils, stats, graphics","yes","3.5.0","CRAN"
"259","rgexf","/Library/Frameworks/R.framework/Versions/3.5/Resources/library","0.15.3",NA,"XML, Rook, igraph",NA,"yes","3.5.0","CRAN"
"260","RgoogleMaps","/Library/Frameworks/R.framework/Versions/3.5/Resources/library","1.4.3",NA,"R (>= 2.10)","graphics, stats, utils, grDevices, methods, png","no","3.5.0","CRAN"
"261","rhierbaps","/Library/Frameworks/R.framework/Versions/3.5/Resources/library","1.1.0",NA,NA,"ape, purrr, utils, ggplot2, LambertW, matrixStats","no","3.5.0","CRAN"
"262","rjson","/Library/Frameworks/R.framework/Versions/3.5/Resources/library","0.2.20",NA,"R (>= 3.1.0)",NA,"yes","3.5.0","CRAN"
"263","rlang","/Library/Frameworks/R.framework/Versions/3.5/Resources/library","0.3.4",NA,"R (>= 3.1.0)",NA,"yes","3.5.2","CRAN"
"264","rmarkdown","/Library/Frameworks/R.framework/Versions/3.5/Resources/library","1.11",NA,"R (>= 3.0)","tools, utils, knitr (>= 1.18), yaml (>= 2.1.19), htmltools (>=
0.3.5), evaluate (>= 0.8), base64enc, jsonlite, mime, tinytex
(>= 0.3), methods, stringr (>= 1.2.0)","no","3.5.0","CRAN"
"265","RMySQL","/Library/Frameworks/R.framework/Versions/3.5/Resources/library","0.10.16",NA,"R (>= 2.8.0), DBI (>= 0.4)","methods","yes","3.5.2","CRAN"
"266","Rook","/Library/Frameworks/R.framework/Versions/3.5/Resources/library","1.1-1",NA,"R (>= 2.13.0)","utils, tools, methods, brew","yes","3.5.0","CRAN"
"267","rpart","/Library/Frameworks/R.framework/Versions/3.5/Resources/library","4.1-13","recommended","R (>= 2.15.0), graphics, stats, grDevices",NA,"yes","3.5.0","CRAN"
"268","rprojroot","/Library/Frameworks/R.framework/Versions/3.5/Resources/library","1.3-2",NA,"R (>= 3.0.0)","backports","no","3.5.0","CRAN"
"269","Rsamtools","/Library/Frameworks/R.framework/Versions/3.5/Resources/library","1.34.0",NA,"methods, GenomeInfoDb (>= 1.1.3), GenomicRanges (>= 1.31.8),
Biostrings (>= 2.47.6)","utils, BiocGenerics (>= 0.25.1), S4Vectors (>= 0.17.25),
IRanges (>= 2.13.12), XVector (>= 0.19.7), zlibbioc, bitops,
BiocParallel","yes","3.5.1","Other"
"270","RSQLite","/Library/Frameworks/R.framework/Versions/3.5/Resources/library","2.1.1",NA,"R (>= 3.1.0)","bit64, blob (>= 1.1.1), DBI (>= 1.0.0), memoise, methods,
pkgconfig, Rcpp (>= 0.12.7)","yes","3.5.0","CRAN"
"271","rstan","/Library/Frameworks/R.framework/Versions/3.5/Resources/library","2.18.2",NA,"R (>= 3.4.0), ggplot2 (>= 2.0.0), StanHeaders (>= 2.18.0)","methods, stats4, inline, gridExtra (>= 2.0.0), Rcpp (>=
0.12.0), loo (>= 2.0.0), pkgbuild","yes","3.5.0","CRAN"
"272","rstudioapi","/Library/Frameworks/R.framework/Versions/3.5/Resources/library","0.8",NA,NA,NA,"no","3.5.0","CRAN"
"273","rsvg","/Library/Frameworks/R.framework/Versions/3.5/Resources/library","1.3",NA,NA,NA,"yes","3.5.0","CRAN"
"274","rtracklayer","/Library/Frameworks/R.framework/Versions/3.5/Resources/library","1.42.1",NA,"R (>= 3.3), methods, GenomicRanges (>= 1.31.8)","XML (>= 1.98-0), BiocGenerics (>= 0.25.1), S4Vectors (>=
0.19.22), IRanges (>= 2.13.13), XVector (>= 0.19.7),
GenomeInfoDb (>= 1.15.2), Biostrings (>= 2.47.6), zlibbioc,
RCurl (>= 1.4-2), Rsamtools (>= 1.31.2), GenomicAlignments (>=
1.15.6), tools","yes","3.5.1","Other"
"275","rvcheck","/Library/Frameworks/R.framework/Versions/3.5/Resources/library","0.1.3",NA,"R (>= 3.4.0)","utils, rlang","no","3.5.0","CRAN"
"276","rvest","/Library/Frameworks/R.framework/Versions/3.5/Resources/library","0.3.2",NA,"R (>= 3.0.1), xml2","httr (>= 0.5), selectr, magrittr","no","3.5.0","CRAN"
"277","S4Vectors","/Library/Frameworks/R.framework/Versions/3.5/Resources/library","0.20.1",NA,"R (>= 3.3.0), methods, utils, stats, stats4, BiocGenerics (>=
0.23.3)",NA,"yes","3.5.1","Other"
"278","satellite","/Library/Frameworks/R.framework/Versions/3.5/Resources/library","1.0.1",NA,"R (>= 2.10), raster, methods, utils, stats, grDevices,
graphics","plyr, Rcpp (>= 0.10.3), tools, stats4","yes","3.5.0","CRAN"
"279","scales","/Library/Frameworks/R.framework/Versions/3.5/Resources/library","1.0.0",NA,"R (>= 3.1)","labeling, munsell (>= 0.5), R6, RColorBrewer, Rcpp,
viridisLite","yes","3.5.0","CRAN"
"280","scatterplot3d","/Library/Frameworks/R.framework/Versions/3.5/Resources/library","0.3-41",NA,"R (>= 2.7.0)","grDevices, graphics, stats","no","3.5.0","CRAN"
"281","segmented","/Library/Frameworks/R.framework/Versions/3.5/Resources/library","0.5-3.0",NA,NA,NA,"no","3.5.0","CRAN"
"282","selectr","/Library/Frameworks/R.framework/Versions/3.5/Resources/library","0.4-1",NA,"R (>= 3.0)","methods, stringr, R6","no","3.5.0","CRAN"
"283","seqinr","/Library/Frameworks/R.framework/Versions/3.5/Resources/library","3.4-5",NA,"R (>= 2.10.0)","ade4,segmented","yes","3.5.0","CRAN"
"284","sessioninfo","/Library/Frameworks/R.framework/Versions/3.5/Resources/library","1.1.1",NA,NA,"cli, tools, utils, withr","no","3.5.0","CRAN"
"285","sf","/Library/Frameworks/R.framework/Versions/3.5/Resources/library","0.7-2",NA,"methods, R (>= 3.3.0)","classInt (>= 0.2-1), DBI (>= 0.8), graphics, grDevices, grid,
magrittr, Rcpp, stats, tools, units (>= 0.6-0), utils","yes","3.5.0","CRAN"
"286","shape","/Library/Frameworks/R.framework/Versions/3.5/Resources/library","1.4.4",NA,"R (>= 2.01)","stats, graphics, grDevices","no","3.5.0","CRAN"
"287","shiny","/Library/Frameworks/R.framework/Versions/3.5/Resources/library","1.2.0",NA,"R (>= 3.0.2), methods","utils, grDevices, httpuv (>= 1.4.4), mime (>= 0.3), jsonlite
(>= 0.9.16), xtable, digest, htmltools (>= 0.3.5), R6 (>= 2.0),
sourcetools, later (>= 0.7.2), promises (>= 1.0.1), tools,
crayon, rlang","no","3.5.0","CRAN"
"288","shinyjs","/Library/Frameworks/R.framework/Versions/3.5/Resources/library","1.0",NA,"R (>= 3.1.0)","digest (>= 0.6.8), htmltools (>= 0.2.9), jsonlite, shiny (>=
1.0.0)","no","3.5.0","CRAN"
"289","snow","/Library/Frameworks/R.framework/Versions/3.5/Resources/library","0.4-3",NA,"R (>= 2.13.1), utils",NA,"no","3.5.0","CRAN"
"290","sourcetools","/Library/Frameworks/R.framework/Versions/3.5/Resources/library","0.1.7",NA,"R (>= 3.0.2)",NA,"yes","3.5.0","CRAN"
"291","sp","/Library/Frameworks/R.framework/Versions/3.5/Resources/library","1.3-1",NA,"R (>= 3.0.0), methods","utils, stats, graphics, grDevices, lattice, grid","yes","3.5.0","CRAN"
"292","spaa","/Library/Frameworks/R.framework/Versions/3.5/Resources/library","0.2.2",NA,NA,NA,"no","3.5.0","CRAN"
"293","spatial","/Library/Frameworks/R.framework/Versions/3.5/Resources/library","7.3-11","recommended","R (>= 3.0.0), graphics, stats, utils",NA,"yes","3.5.0","CRAN"
"294","spData","/Library/Frameworks/R.framework/Versions/3.5/Resources/library","0.3.0",NA,"R (>= 3.3.0)",NA,"no","3.5.2","CRAN"
"295","spdep","/Library/Frameworks/R.framework/Versions/3.5/Resources/library","0.8-1",NA,"R (>= 3.3.0), methods, sp (>= 1.0), Matrix (>= 1.0.12), spData
(>= 0.2.6.0)","LearnBayes, deldir, boot (>= 1.3-1), splines, coda, nlme,
MASS, stats, gmodels, expm, graphics, grDevices, utils","yes","3.5.0","CRAN"
"296","StanHeaders","/Library/Frameworks/R.framework/Versions/3.5/Resources/library","2.18.0-1",NA,"R (>= 3.4.0)",NA,"yes","3.5.0","CRAN"
"297","stringi","/Library/Frameworks/R.framework/Versions/3.5/Resources/library","1.4.3",NA,"R (>= 2.14)","tools, utils, stats","yes","3.5.2","CRAN"
"298","stringr","/Library/Frameworks/R.framework/Versions/3.5/Resources/library","1.4.0",NA,"R (>= 3.1)","glue (>= 1.2.0), magrittr, stringi (>= 1.1.7)","no","3.5.2","CRAN"
"299","SummarizedExperiment","/Library/Frameworks/R.framework/Versions/3.5/Resources/library","1.12.0",NA,"R (>= 3.2), methods, GenomicRanges (>= 1.33.6), Biobase,
DelayedArray (>= 0.3.20)","utils, stats, tools, Matrix, BiocGenerics (>= 0.15.3),
S4Vectors (>= 0.17.25), IRanges (>= 2.13.16), GenomeInfoDb (>=
1.13.1)","no","3.5.1","Other"
"300","survival","/Library/Frameworks/R.framework/Versions/3.5/Resources/library","2.43-3","recommended","R (>= 2.13.0)","graphics, Matrix, methods, splines, stats, utils","yes","3.5.0","CRAN"
"301","survminer","/Library/Frameworks/R.framework/Versions/3.5/Resources/library","0.4.4",NA,"ggplot2, ggpubr(>= 0.1.6)","grid, gridExtra(>= 2.0), magrittr, maxstat, methods, scales,
survival, stats, broom, dplyr, tidyr, survMisc, cmprsk, purrr,
tibble","no","3.5.2","CRAN"
"302","survMisc","/Library/Frameworks/R.framework/Versions/3.5/Resources/library","0.5.5",NA,"survival","graphics, grDevices, stats, utils, knitr, KMsurv, ggplot2,
data.table, zoo, grid, gridExtra, km.ci, xtable","no","3.5.0","CRAN"
"303","svglite","/Library/Frameworks/R.framework/Versions/3.5/Resources/library","1.2.1",NA,"R (>= 3.0.0)","Rcpp, gdtools (>= 0.1.6)","yes","3.5.0","CRAN"
"304","sylly","/Library/Frameworks/R.framework/Versions/3.5/Resources/library","0.1-5",NA,"R (>= 3.0.0)","methods","no","3.5.1","CRAN"
"305","sylly.en","/Library/Frameworks/R.framework/Versions/3.5/Resources/library","0.1-3",NA,"R (>= 3.1),sylly",NA,"no","3.5.1","CRAN"
"306","sys","/Library/Frameworks/R.framework/Versions/3.5/Resources/library","3.2",NA,NA,NA,"yes","3.5.1","CRAN"
"307","testthat","/Library/Frameworks/R.framework/Versions/3.5/Resources/library","2.1.1",NA,"R (>= 3.1)","cli, crayon (>= 1.3.4), digest, magrittr, methods, praise, R6
(>= 2.2.0), rlang (>= 0.3.0), withr (>= 2.0.0)","yes","3.5.1","CRAN"
"308","tibble","/Library/Frameworks/R.framework/Versions/3.5/Resources/library","2.1.1",NA,"R (>= 3.1.0)","cli (>= 1.0.1), crayon (>= 1.3.4), fansi (>= 0.4.0), methods,
pillar (>= 1.3.1), pkgconfig (>= 2.0.2), rlang (>= 0.3.1),
utils","yes","3.5.2","CRAN"
"309","tidygraph","/Library/Frameworks/R.framework/Versions/3.5/Resources/library","1.1.1",NA,NA,"tibble, dplyr (>= 0.7), igraph, magrittr, utils, rlang, R6,
Rcpp, tools, stats, tidyr, pillar","yes","3.5.0","CRAN"
"310","tidyr","/Library/Frameworks/R.framework/Versions/3.5/Resources/library","0.8.2",NA,"R (>= 3.1)","dplyr (>= 0.7.0), glue, magrittr, purrr, Rcpp, rlang, stringi,
tibble, tidyselect (>= 0.2.5)","yes","3.5.0","CRAN"
"311","tidyselect","/Library/Frameworks/R.framework/Versions/3.5/Resources/library","0.2.5",NA,"R (>= 3.1)","glue (>= 1.3.0), purrr, rlang (>= 0.2.2), Rcpp (>= 0.12.0)","yes","3.5.0","CRAN"
"312","tidytree","/Library/Frameworks/R.framework/Versions/3.5/Resources/library","0.2.1",NA,"R (>= 3.4.0)","ape, dplyr, lazyeval, magrittr, methods, rlang, tibble, utils","no","3.5.0","CRAN"
"313","tidyverse","/Library/Frameworks/R.framework/Versions/3.5/Resources/library","1.2.1",NA,NA,"broom (>= 0.4.2), cli (>= 1.0.0), crayon (>= 1.3.4), dplyr (>=
0.7.4), dbplyr (>= 1.1.0), forcats (>= 0.2.0), ggplot2 (>=
2.2.1), haven (>= 1.1.0), hms (>= 0.3), httr (>= 1.3.1),
jsonlite (>= 1.5), lubridate (>= 1.7.1), magrittr (>= 1.5),
modelr (>= 0.1.1), purrr (>= 0.2.4), readr (>= 1.1.1), readxl
(>= 1.0.0), reprex (>= 0.1.1), rlang (>= 0.1.4), rstudioapi (>=
0.7), rvest (>= 0.3.2), stringr (>= 1.2.0), tibble (>= 1.3.4),
tidyr (>= 0.7.2), xml2 (>= 1.1.1)","no","3.5.0","CRAN"
"314","tinytex","/Library/Frameworks/R.framework/Versions/3.5/Resources/library","0.9",NA,NA,"xfun (>= 0.3)","no","3.5.0","CRAN"
"315","tmap","/Library/Frameworks/R.framework/Versions/3.5/Resources/library","2.2",NA,"R (>= 3.0), methods","tmaptools (>= 2.0-1), sf (>= 0.7-1), units (>= 0.6-1), raster
(>= 2.7-15), grid, RColorBrewer, viridisLite, classInt,
htmltools, htmlwidgets, leaflet (>= 2.0.2), mapview, stats","no","3.5.1","CRAN"
"316","tmaptools","/Library/Frameworks/R.framework/Versions/3.5/Resources/library","2.0-1",NA,"R (>= 3.0), methods","sp, sf (>= 0.6-0), lwgeom (>= 0.1-4), units (>= 0.5-1), grid,
raster (>= 2.5-2), rgdal, rgeos, classInt, KernSmooth,
magrittr, RColorBrewer, viridisLite, stats, dichromat, XML","no","3.5.0","CRAN"
"317","treeio","/Library/Frameworks/R.framework/Versions/3.5/Resources/library","1.6.2",NA,"R (>= 3.4.0)","ape, dplyr, jsonlite, magrittr, methods, rlang, rvcheck,
tibble, tidytree (>= 0.1.7), utils","no","3.5.2","Other"
"318","tweenr","/Library/Frameworks/R.framework/Versions/3.5/Resources/library","1.0.1",NA,"R (>= 3.2.0)","Rcpp (>= 0.12.3), grDevices, farver, magrittr, rlang","yes","3.5.0","CRAN"
"319","ucminf","/Library/Frameworks/R.framework/Versions/3.5/Resources/library","1.1-4",NA,NA,NA,"yes","3.5.0","CRAN"
"320","units","/Library/Frameworks/R.framework/Versions/3.5/Resources/library","0.6-2",NA,"R (>= 3.0.2)","Rcpp","yes","3.5.0","CRAN"
"321","UpSetR","/Library/Frameworks/R.framework/Versions/3.5/Resources/library","1.4.0",NA,"R (>= 3.0)","ggplot2, gridExtra, plyr, utils, stats, methods, grDevices,
scales","no","3.5.1","GitHub repo = hms-dbmi/UpSetR"
"322","usethis","/Library/Frameworks/R.framework/Versions/3.5/Resources/library","1.4.0",NA,"R (>= 3.1)","clipr (>= 0.3.0), clisymbols, crayon, curl (>= 2.7), desc, fs
(>= 1.2.0), gh, git2r (>= 0.23), glue, rlang, rprojroot (>=
1.2), rstudioapi, utils, whisker","no","3.5.0","CRAN"
"323","utf8","/Library/Frameworks/R.framework/Versions/3.5/Resources/library","1.1.4",NA,"R (>= 2.10)",NA,"yes","3.5.0","CRAN"
"324","uuid","/Library/Frameworks/R.framework/Versions/3.5/Resources/library","0.1-2",NA,"R (>= 2.9.0)",NA,"yes","3.5.0","CRAN"
"325","V8","/Library/Frameworks/R.framework/Versions/3.5/Resources/library","2.0",NA,NA,"Rcpp (>= 0.12.12), jsonlite (>= 1.0), curl (>= 1.0), utils","yes","3.5.2","CRAN"
"326","VariantAnnotation","/Library/Frameworks/R.framework/Versions/3.5/Resources/library","1.28.5",NA,"R (>= 2.8.0), methods, BiocGenerics (>= 0.15.3), GenomeInfoDb
(>= 1.15.2), GenomicRanges (>= 1.31.8), SummarizedExperiment
(>= 1.9.9), Rsamtools (>= 1.33.6)","utils, DBI, zlibbioc, Biobase, S4Vectors (>= 0.17.24), IRanges
(>= 2.13.13), XVector (>= 0.19.7), Biostrings (>= 2.47.6),
AnnotationDbi (>= 1.27.9), rtracklayer (>= 1.39.7), BSgenome
(>= 1.47.3), GenomicFeatures (>= 1.31.3)","yes","3.5.2","Other"
"327","vctrs","/Library/Frameworks/R.framework/Versions/3.5/Resources/library","0.1.0",NA,"R (>= 3.1)","backports, digest, glue, rlang, zeallot","yes","3.5.0","CRAN"
"328","vegan","/Library/Frameworks/R.framework/Versions/3.5/Resources/library","2.5-3",NA,"permute (>= 0.9-0), lattice, R (>= 3.2.0)","MASS, cluster, mgcv","yes","3.5.0","CRAN"
"329","viridis","/Library/Frameworks/R.framework/Versions/3.5/Resources/library","0.5.1",NA,"R (>= 2.10), viridisLite (>= 0.3.0)","stats, ggplot2 (>= 1.0.1), gridExtra","no","3.5.0","CRAN"
"330","viridisLite","/Library/Frameworks/R.framework/Versions/3.5/Resources/library","0.3.0",NA,"R (>= 2.10)",NA,"no","3.5.0","CRAN"
"331","visNetwork","/Library/Frameworks/R.framework/Versions/3.5/Resources/library","2.0.5",NA,"R (>= 3.0)","htmlwidgets, htmltools, jsonlite, magrittr, utils, methods,
grDevices, stats","no","3.5.0","CRAN"
"332","webshot","/Library/Frameworks/R.framework/Versions/3.5/Resources/library","0.5.1",NA,"R (>= 3.0)","magrittr, jsonlite, callr","no","3.5.0","CRAN"
"333","whisker","/Library/Frameworks/R.framework/Versions/3.5/Resources/library","0.3-2",NA,NA,NA,"no","3.5.0","CRAN"
"334","withr","/Library/Frameworks/R.framework/Versions/3.5/Resources/library","2.1.2",NA,"R (>= 3.0.2)","stats, graphics, grDevices","no","3.5.0","CRAN"
"335","wordcountaddin","/Library/Frameworks/R.framework/Versions/3.5/Resources/library","0.3.0.9000",NA,NA,"fs, knitr, koRpus, koRpus.lang.en, miniUI (>= 0.1.1), purrr,
rstudioapi (>= 0.5), shiny (>= 0.13), stringi, sylly, sylly.en","no","3.5.1","GitHub repo = benmarwick/wordcountaddin"
"336","xfun","/Library/Frameworks/R.framework/Versions/3.5/Resources/library","0.4",NA,NA,"tools","no","3.5.0","CRAN"
"337","XML","/Library/Frameworks/R.framework/Versions/3.5/Resources/library","3.98-1.16",NA,"R (>= 2.13.0), methods, utils",NA,"yes","3.5.0","CRAN"
"338","xml2","/Library/Frameworks/R.framework/Versions/3.5/Resources/library","1.2.0",NA,"R (>= 3.1.0)","Rcpp","yes","3.5.0","CRAN"
"339","xopen","/Library/Frameworks/R.framework/Versions/3.5/Resources/library","1.0.0",NA,"R (>= 3.1)","processx","no","3.5.0","CRAN"
"340","xtable","/Library/Frameworks/R.framework/Versions/3.5/Resources/library","1.8-3",NA,"R (>= 2.10.0)","stats, utils","no","3.5.0","CRAN"
"341","XVector","/Library/Frameworks/R.framework/Versions/3.5/Resources/library","0.22.0",NA,"R (>= 2.8.0), methods, BiocGenerics (>= 0.19.2), S4Vectors (>=
0.19.15), IRanges (>= 2.15.12)","methods, utils, zlibbioc, BiocGenerics, S4Vectors, IRanges","yes","3.5.1","Other"
"342","yaml","/Library/Frameworks/R.framework/Versions/3.5/Resources/library","2.2.0",NA,NA,NA,"yes","3.5.0","CRAN"
"343","zeallot","/Library/Frameworks/R.framework/Versions/3.5/Resources/library","0.1.0",NA,NA,NA,"no","3.5.0","CRAN"
"344","zlibbioc","/Library/Frameworks/R.framework/Versions/3.5/Resources/library","1.28.0",NA,NA,NA,"yes","3.5.1","Other"
"345","zoo","/Library/Frameworks/R.framework/Versions/3.5/Resources/library","1.8-4",NA,"R (>= 3.1.0), stats","utils, graphics, grDevices, lattice (>= 0.20-27)","yes","3.5.0","CRAN"
