study_id,Include,Comment,year_pub,journal,first_author,title,country,province,city,study_type,year_of_samples_start,year_of_samples_end,which_analysis,inclusion,selection,species,population,nosocomial (invasive only),Adults_or_children,invasive_vs_carriage,sample_type,screen,method_speciation,method_ESBL_confirmation,colonies,carriage_n_patients,carriage_n_patients_ESBL_total,carriage_n_patients_ESBL_esco,carriage_n_patients_ESBL_kleb,carriage_n_patients_ESBL_othe_ebacteriaecaie,invasive_n_ESCO,invasive_n_kleb,invasive_n_other,invasive_n_ESCO_ESBL,invasive_n_kleb_ESBL,invasive_n_other_ESBL,n_esco_seqq,CTXM1_esco,CTXM2_esco,CTXM3_esco,CTXM4_esco,CTXM8_esco,CTXM9_esco,CTXM14_esco,CTXM15_esco,CTXM27_esco,CTXM32_esco,CTXM55_esco,CXTM61_esco,CTXM127_esco,CTXM-1-group_esco,CTXM-2_group_esco,CTXM-8-group_esco,CTXM-9-group_esco,anyCTXM_esco,SHV-1_esco,SHV-12_esco,TEM1_esco,TEM63_esco,CMY2_esco,OXA1_esco,OXA-30_esco,SHV_group_esco,TEM_group_esco,other_esco,n_kleb_seq,CTXM1_klpn,CTXM2_klpn,CTXM9_klpn,CTXM14_klpn,CTXM15_klpn,CTXM8 group_klpn,CTXMgroup_klpn,TEM1_klpn,TEN63_klpn,OXA1_klpn,OXA30_klpn,SHV1_klpn,SHV2_klpn,SHV5_klpn,SHV11_klpn,SHV-12_klpn,SHV28_klpn,SHV33_klpn,SHV28_klpn,SHV83_klpn,SHV62_klpn,SHV121_klpn,SHVgroup_klpn,TEMgroup_klpn,genes_method
1,Y,,2018,BMC inf dis,Zeynudin,"revalence and antibiotic susceptibility pattern of CTX-M type extended-spectrum beta-lactamases among clinical isolates of gram-negative bacilli in Jimma, Ethiopia",Ethiopia,NA,Jimma,cross_sec_survey,NA,NA,invasive,GNB_in_lab,random,human,IP_and_OP,,NA,invasive,various,AST,MALDI-TOF,vitek,,,,,,,13,31,15,13,30,12,all,12,,,,,2,,,,,,,,,,,,,,,,,,,,,,,,30,,,,,,,,,,,,,,,,,,,,,,,,PCR
2,Y,,2018,plos one,Stanley,"Multidrug resistance among Escherichia coli and Klebsiella pneumoniae carried in the gut of out-patients from pastoralist communities of Kasese district, Uganda",Uganda,Kasese,NA,cross_sec_survey,2017,2017,carriage,fever,sequential,human,OP,,adults,carriage,stool,AST,BD_phoenix,BD_phoenix,1,300,28,21,6,0,,,,,,,,,,,,,,,,,,,,,,,,,,,,,,,,,,,,,,,,,,,,,,,,,,,,,,,,,,,,,
3,Y,,2018,Diagnostic Microbiology and Infectious Disease,seni,The population structure of clinical extra-intestinal Escherichia coli in a teaching hospital from Nigeria,Nigeria,Bauchi,,cross_sec_survey,NA,NA,invasive,ecoli_in_lab,sequential,human,IP_and_OP,,both,invasive,various,NA,NA,double_disk,,,,,,,60,,,41,,,,,,,,,,,41,,,,,,,,,,,,,,,,,,,,,,,,,,,,,,,,,,,,,,,,,,,,,,
4,Y,,2018,Front Microbiol,Schaufler,Clinically Relevant ESBL-Producing K. pneumoniae ST307 and E. coli ST38 in an Urban West African Rat Population,Guinea,,Conakry,cross_sec_survey,NA,NA,carriage,captured_animals,random,rat,community,,adults,carriage,rectal_swab,chromogenic agar,vitek,vitek,1,29,6,3,3,0,,,,,,,all,,,,,,,,3,,,,,,,,,,,,,1,,,,,,,,,,,,1,1,,,2,,1,,,,,,,1,,,,1,,,,WGS
5,Y,,2018,plos one,Sanneh,Prevalence and risk factors for faecal carriage of Extended Spectrum beta-lactamase producing Enterobacteriaceae among food handlers in lower basic schools in West Coast Region of The Gambia,The Gambia,West Coast,,cross_sec_survey,2015,2015,carriage,food_handler,sequential,human,community,,adults,carriage,stool,chromogenic agar,NA,double_disk,1,565,28,8,9,5,,,,,,,,,,,,,,,,,,,,,,,,,,,,,,,,,,,,,,,,,,,,,,,,,,,,,,,,,,,,,
6,Y,,2018,African journal of infectious diseases,Onanuga ,"CARRIAGE OF MULTI-DRUG RESISTANT UROBACTERIA BY ASYMPTOMATIC PREGNANT WOMEN IN YENAGOA, BAYELSA STATE, NIGERIA",Nigeria,Bayelsa,Yenagoa,cross_sec_survey,2015,2015,invasive,pregnant_women,sequential,human,OP,,adults,invasive,urine,NA,biochemical,combination_disc,,,,,,,18,45,0,4,30,,,,,,,,,,,,,,,,,,,,,,,,,,,,,,,,,,,,,,,,,,,,,,,,,,,,,,,,
7,Y,,2018,Med Mal Infect,"Nikiema Pessinaba,","Screening for extended-spectrum beta-lactamase-producing Enterobacteriaceae intestinal carriage among children aged under five in Lome, Togo",Togo,Lomo,,cross_sec_survey,2015,2016,carriage,diarrhoea,sequential,human,IP,,children,carriage,stool,Drigalski+ceftaz,NA,NA,1,81,49,35,14,,,,,,,,,,,,,,,,,,,,,,,,,,,,,,,,,,,,,,,,,,,,,,,,,,,,,,,,,,,,,,
8,Y,Includes hospital acquisition,2018,"J Hosp Infect	","Moremi,",High carriage rate of extended-spectrum beta-lactamase-producing Enterobacteriaceae among patients admitted for surgery in Tanzanian hospitals with a low rate of endogenous surgical site infections,Tanzania,Mwanza,,cohort,2014,2015,carriage,hospital_admission,sequential,human,on_hospital_admission,,adults,carriage,rectal_swab,mackonkey_and_ab,vitek,vitek,1,930,220,165,55,4,,,,,,,19,,,,1,,,,18,,,,,,,,,,,,,,,,,,,,,19,,,,,19,,,,,,,,,,,,,,,,,,,,PCR
9,Y,,2018,Int J Med Microbiol,Marando,"Predictors of the extended-spectrum-beta lactamases producing Enterobacteriaceae neonatal sepsis at a tertiary hospital, Tanzania",Tanzania,,,cross_sec_survey,2016,2016,carriage,sepsis,sequential,human,IP,,neonates,carriage,rectal_swab,mackonkey_and_ab,biochemical,double_disk,1,304,166,60,112,1,,,,,,,10,,,,,,,,10,,,,,,,,,,,,,7,,,9,,,,,23,,,,,23,,,17,,15,,13,,,3,,1,1,,1,,,,,WGS
10,Y,,2018,BMC research notes,Kpoda,"Distribution of resistance genes encoding ESBLs in Enterobacteriaceae isolated from biological samples in health centers in Ouagadougou, Burkina Faso",Burkina Faso,Ouagadougou,,cross_sec_survey,2014,2016,invasive,enterobactaeriaciae_in_lab,sequential,human,IP_and_OP,,both,invasive,various,mueller-hinton_and_disc,conventional,double_disk,,,,,,,296,109,171,117,48,22,,,,,,,,,,,,,,,,,,,,,,,,,,,,,,,,,,,,,,,,,,,,,,,,,,,,,,,
11,Y,cultured for e coli only,2018,"Microbial Drug Resistance	",Katakweba,"First Report on a Randomized Investigation of Antimicrobial Resistance in Fecal Indicator Bacteria from Livestock, Poultry, and Humans in Tanzania",Tanzania,multiple,,cross_sec_survey,2011,2013,carriage,community_members,random,human,community,,adults,carriage,stool,mackonkey_and_ab,MALDI-TOF,double_disk,1,70,22,22,,,,,,,,,,,,,,,,,,,,,,,,,,,,,,,,,,,,,,,,,,,,,,,,,,,,,,,,,,,,,,,
11,Y,cultured for e coli only,2018,"Microbial Drug Resistance	",Katakweba,"First Report on a Randomized Investigation of Antimicrobial Resistance in Fecal Indicator Bacteria from Livestock, Poultry, and Humans in Tanzania",Tanzania,multiple,,cross_sec_survey,2011,2013,carriage,farm_animals,random,pigs;cows;chickens,community,,NA,carriage,stool,mackonkey_and_ab,MALDI-TOF,double_disk,1,320,120,120,,,,,,,,,,,,,,,,,,,,,,,,,,,,,,,,,,,,,,,,,,,,,,,,,,,,,,,,,,,,,,,
12,Y,,2018,Pediatr Infect Dis J,Karppinen,"Etiology of Childhood Otorrhea in Luanda, Angola, and a Review of Otitis Media in African Children",Angola,,Luanda,cross_sec_survey,2008,2015,invasive,otorrheoa,sequential,human,IP_and_OP,,children,invasive,swab,NA,conventional,NA,1,,,,,,15,13,,8,10,,,,,,,,,,,,,,,,,,,,,,,,,,,,,,,,,,,,,,,,,,,,,,,,,,,,,,,,
13,Y,,2018,plos one,Herindrainy,Acquisition of extended spectrum beta- lactamase-producing enterobacteriaceae in neonates: A community based cohort in Madagascar,Madagascar,multiple,,cross_sec_survey,2015,2016,carriage,pregnant women,sequential,human,OP,,adults,carriage,stool_or_rectal_swab,chromagar,MALDI-TOF,double_disk,1,275,54,28,6,NA,,,,,,,,,,,,,,,,,,,,,,,,,,,,,,,,,,,,,,,,,,,,,,,,,,,,,,,,,,,,,
14,Y,,2018,Infect Drug Resist,Guiral,"Epidemiology and molecular characterization of multidrug-resistant Escherichia coli isolates harboring blaCTX-M group 1 extended-spectrum beta-lactamases causing bacteremia and urinary tract infection in Manhica, Mozambique",Mozambique,Manhica,,cross_sec_survey,2004,2009,invasive,fever,sequential,human,IP,,both,invasive,blod_and_urine,NA,conventional,double_disk,1,,,,,,151,,,13,,,12,,,,,,,,12,,,,,,,,,,,,2,12,,,7,,,,,,,,,,,,,,,,,,,,,,,,,,,,,,
15,Y,,2018,Vet Sci,Gay,"Risk Factors of Extended-Spectrum β-Lactamase Producing Enterobacteriaceae Occurrence in Farms in Reunion, Madagascar and Mayotte Islands, 2016–2017",Reunion,,,cross_sec_survey,2016,2017,Environmental,farms,random,NA,NA,,NA,NA,bootsock,chromagar,MALDI-TOF,combination_disc,1,114,39,,,,,,,,,,47,38,,1,,,,,2,,,,,,,,,,,,1,,,,,,1,2,,,,,,,,,,,,,,,,,,,,,,,,,,,
15,Y,,2018,Vet Sci,Gay,"Risk Factors of Extended-Spectrum β-Lactamase Producing Enterobacteriaceae Occurrence in Farms in Reunion, Madagascar and Mayotte Islands, 2016–2017",Mayotte,,,cross_sec_survey,2016,2017,Environmental,farms,random,NA,NA,,NA,NA,bootsock,chromagar,MALDI-TOF,combination_disc,1,42,30,,,,,,,,,,20,8,,1,,,,,6,,1,,,,,,,,,,,,,,,,,,,,,,,,,,,,,,,,,,,,,,,,,,,,
15,Y,,2018,Vet Sci,Gay,"Risk Factors of Extended-Spectrum β-Lactamase Producing Enterobacteriaceae Occurrence in Farms in Reunion, Madagascar and Mayotte Islands, 2016–2017",Madagascar,,,cross_sec_survey,2016,2017,Environmental,farms,random,NA,NA,,NA,NA,bootsock,chromagar,MALDI-TOF,combination_disc,1,90,67,,,,,,,,,,27,5,,,,,,,20,,,,,,,,,3,,,,,,,,,,,,,,,,,,,,,,,,,,,,,,,,,,,,,
16,Y,,2018,Antimicrob Resist Infect Control,Founou,Extended spectrum beta-lactamase mediated resistance in carriage and clinical gram-negative ESKAPE bacteria: a comparative study between a district and tertiary hospital in South Africa,South Africa,uMgungundlovu,,cross_sec_survey,2017,2017,Carriage,hospital_admission,sequential,human,on_hospital_admission,,adults,carriage,rectal_swab,mackonkey_ab,API,ROSCO_DIAGNOSTICA,1,41,16,,,,,,,,,,,,,,,,,,,,,,,,,,,,,,,,,,,,,,,,,,,,,,,,,,,,,,,,,,,,,,,,
17,Y,,2018,Antimicrob Resist Infect Control,Erb,"High prevalence of ESBL-Producing E. coli in private and shared latrines in an informal urban settlement in Dar es Salaam, Tanzania",Tanzania,,Dar-es-salaam,cross_sec_survey,2014,2014,Environmental,Latrines,random,NA,NA,,NA,NA,latrine swabs,conventional,conventional,vitek_and_pcr,1,70,17,16,1,,,,,,,,16,13,,,,,1,,,,,,,,,,,,,,,,,,,,,,1,1,1,,,,,,,,,,,,,,,,,,,,,,,,
18,Y,,2018,BMC Res Notes,Engda,"Prevalence and antimicrobial susceptibility patterns of extended spectrum beta-lactamase producing Entrobacteriaceae in the University of Gondar Referral Hospital environments, northwest Ethiopia",Ethopia,,Gondar,cross_sec_survey,2014,2014,Environmental,Hospital,random,NA,NA,,NA,NA,swabs,chromagar,conventional,NA,1,384,57,20,24,14,,,,,,,,,,,,,,,,,,,,,,,,,,,,,,,,,,,,,,,,,,,,,,,,,,,,,,,,,,,,,
19,Y,,2018,Vet Microbiol,Eibach,Extended-spectrum beta-lactamase-producing Escherichia coli and Klebsiella pneumoniae in local and imported poultry meat in Ghana,Ghana,,Kumasi,cross_sec_survey,2015,2015,Environmental,meat,ransom,NA,NA,,NA,NA,meat,mackonkey_and_ab,MALDI-TOF,combination_disc,1,200,71,46,35,,,,,,,,46,5,4,,,,,31,,,,,,,,,,,,,,,,,,,,1,,35,,2,,,30,,,,,,,,,,,2,,,,,,,,,PCR
20,Y,CTXM genes  not disaggregated so excluded,2018,BMC Infect Dis,Chirindze,Faecal colonization of E. coli and Klebsiella spp. producing extended-spectrum beta-lactamases and plasmid-mediated AmpC in Mozambican university students,Mozambique,,Maputo,cross_sec_survey,2016,2016,carriage,students,random,human,community,,adults,carriage,stool,mackonkey_and_ab,API,double_disk,1,275,55,35,21,,,,,,,,,,,,,,,,,,,,,,,,,,,,,,,,,,,,,,,,,,,,,,,,,,,,,,,,,,,,,,
21,Y,,2018,J Glob Antimicrob Resist,Chah,"Detection and molecular characterisation of extended-spectrum beta-lactamase-producing enteric bacteria from pigs and chickens in Nsukka, Nigeria",Nigeria,Nsukka,,cross_sec_survey,2014,2015,carriage,farm_animals,sequential,pigs;chickens,community,,NA,carriage,rectal_swab,mackonkey_and_ab,conventional,double_disk,1,510,19,11,7,2,,,,,,,11,1,,,,,,,7,,,,,,,,,,,,,1,,1,,,,,,7,,,,,7,,,2,,,,,,,,,,,,,,,1,,PCR
22,Y,,2017,Med Microbiol,Wilmore,Carriage of extended-spectrum beta-lactamase-producing Enterobacteriaceae in HIV-infected children in Zimbabwe,Zimbabwe,,Harare,cross_sec_survey,2014,2015,carriage,stable_on_art,sequential,human,OP,,children,carriage,stool,CLED_and_ab,API,combination_disc,1,175,24,23,1,,,,,,,,26,,,,,,,,,,,,,,11,,,9,,,,8,,1,5,,,,,,,,,,,,,,,,,,,,,,,,,,,,,,
23,Y,,2017,Int J Microbiol,Vasaikar,"Molecular Characteristics and Antibiotic Resistance Profiles of Klebsiella Isolates in Mthatha, Eastern Cape Province, South Africa",South Africa,Eastern Cape,Mthatha,cross_sec_survey,2011,2014,invasive,klebsiella_in_lab,random,human,IP_and_OP,,both,invasive,various,,API,combination_disc,1,,,,,,,169,,,117,,,,,,,,,,,,,,,,,,,,89,,,,,,,,118,99,,,,,,,,,,,,,,,,,,,,,,,,,,,
24,Y,,2017,International Journal of Environmental Research and Public Health,Songe,Antimicrobial resistant enteropathogenic escherichia coli and salmonella spp. In houseflies infesting fish in food markets in Zambia,Zambia,mutiple,,cross_sec_survey,2015,2015,carriage,flies,random,fly,community,,NA,carriage,fly,mackonkey,PCR,double_disk,1,418,56,56,0,,,,,,,,,,,,,,,,,,,,,,,,,,42,,,,,,,,24,27,,,,,,,,,,,,,,,,,,,,,,,,,,,
25,Y,,2017,plos one,Sangare,"Very high prevalence of extended-spectrum beta-lactamase-producing Enterobacteriaceae in bacteriemic patients hospitalized in teaching hospitals in Bamako, Mali",Mali,Bamako,,cross_sec_survey,2014,2014,invasive,fever,sequential,human,IP,,both,invasive,blood,NA,vitek,combination_disc,1,,,,,,31,26,25,20,20,8,,,,,,,,,,,,,,,,,,,,,,,,,,,,,,,,,,,,,,,,,,,,,,,,,,,,,,,
26,Y,,2017,plos one,Nowak,Highly diverse and antimicrobial susceptible Escherichia coli display a naive bacterial population in fruit bats from the Republic of Congo,Republic of Congo,multiple,,cross_sec_survey,2009,2010,carriage,bats,random,bat,community,,NA,carriage,bat tissue,chromagar,API,combination_disc,1,50,0,0,0,,,,,,,,,,,,,,,,,,,,,,,,,,,,,,,,,,,,,,,,,,,,,,,,,,,,,,,,,,,,,,
27,Y,,2017,plos one,Moremi,"Faecal carriage of CTX-M extended-spectrum beta-lactamase-producing Enterobacteriaceae among street children dwelling in Mwanza city, Tanzania",Tanzania,,Mwanza,cross_sec_survey,2015,2015,carriage,street_child,sequential,human,community,,children,carriage,stool,mackonkey,biochemical,double_disk,1,107,34,30,6,,,,,,,,30,,,,,,5,,23,,,1,,,,,,,,,,19,,,,,,,,6,,,2,,4,,,6,,,,3,,,3,,,,,,,,,,PCR
28,Y,,2017,BMC Infect Dis,"Manyahi,","Detection of CTX-M-15 beta-lactamases in Enterobacteriaceae causing hospital- and community-acquired urinary tract infections as early as 2004, in Dar es Salaam, Tanzania",Tanzania,,Dar-es-salaam,cross_sec_survey,2004,2005,invasive,uti,sequential,human,IP_and_OP,,both,invasive,urine,NA,API,etest,1,,,,,,110,27,,15,9,,,15,,,,,,,15,,,,,,,,,,,,1,,,,,,,,,7,,,,,7,,,,,,,,,,,,,,,,,,,,PCR
29,Y,,2017,Antimicrob Resist Infect Control,Magwenzi,"Carriage of antibiotic-resistant Enterobacteriaceae in hospitalised children in tertiary hospitals in Harare, Zimbabwe",Zimbabwe,,Harare,cross_sec_survey,2015,2015,carriage,hospital_admission,sequential,human,on_hospital_admission,,children,carriage,stool_or_rectal_swab,chromagar,API,combination_disc,1,164,86,,,,,,,,,,,,,,,,,,,,,,,,,,,,,,,,,,,,,,,,,,,,,,,,,,,,,,,,,,,,,,,,
30,Y,,2017,Infect Drug Resist.,Legese,Extended-spectrum beta-lactamase- and carbapenemase-producing Enterobacteriaceae among Ethiopian children,Ethiopia,,Addis abbaba,cross_sec_survey,2014,2014,invasive,sepsis,sequential,human,IP,,children,in,blod_and_urine,NA,NA,combination_disc,1,,,,,,6,19,,5,16,,,,,,,,,,,,,,,,,,,,,,,,,,,,,,,,,,,,,,,,,,,,,,,,,,,,,,,,
31,Y,,2017,Trop Med Int Health,Kurz,"Intense pre-admission carriage and further acquisition of ESBL-producing Enterobacteriaceae among patients and their caregivers in a tertiary hospital in Rwanda	",Rwanda,includes hosp acq,Butare,cohort,2014,2014,carriage,hospital_admission,sequential,human,on_hospital_admission,,both,carriage,rectal_swab,chromagar,API,combination_disc,1,753,330,187,108,,,,,,,,,,,,,,,,,,,,,,,,,,,,,,,,,,,,,,,,,,,,,,,,,,,,,,,,,,,,,,
32,Y,,2017,BMC Res Notes,Kassam,"Spectrum and antibiogram of bacteria isolated from patients presenting with infected wounds in a Tertiary Hospital, northern Tanzania",Tanzania,Kilimanjaro,,cross_sec_survey,2013,2014,invasive,infected_wound,sequential,human,IP_and_OP,,both,invasive,wound_swab,,biochemical,double_disc,1,,,,,,14,11,,6,8,,,,,,,,,,,,,,,,,,,,,,,,,,,,,,,,,,,,,,,,,,,,,,,,,,,,,,,,
33,Y,,2017,Ethiopian journal of health sciences,Ibrahim,"Phenotypic Detection of Extended Spectrum Beta lactamase and Carbapenemase Co-producing Clinical Isolates from Two Tertiary Hospitals in Kano, North West Nigeria",Nigeria,Kano,,cross_sec_survey,NA,NA,invasive,enterobactaeriaciae_in_lab,sequential,human,IP_and_OP,,both,invasive,urine_and_woundswab,NA,biochemical,double_disc,1,,,,,,140,108,,68,76,,,,,,,,,,,,,,,,,,,,,,,,,,,,,,,,,,,,,,,,,,,,,,,,,,,,,,,,
34,Y,,2017,"Int J Med Microbiol	",Henson,"Molecular epidemiology of Klebsiella pneumoniae invasive infections over a decade at Kilifi County Hospital in Kenya		",Kenya,Kilifi,,cross_sec_survey,2007,2011,invasive,fever,sequential,human,IP_and_OP,,both,invasive,blood,,NA,double_disc,1,,,,,,,198,,,101,,,,,,,,,,,,,,,,,,,,,,,,,,,,,,,195,,,,,,,92,134,,,,,,,,,,,,,,,176,,WGS
35,Y,,2017,BMC Infect Dis,Chiyangi,"Identification and antimicrobial resistance patterns of bacterial enteropathogens from children aged 0-59 months at the University Teaching Hospital, Lusaka, Zambia: a prospective cross sectional study",Zambia,,Lusaka,cross_sec_survey,2016,2016,invasive,diarroea,sequential,human,IP_and_OP,,children,invasive,stool,,biochemical_and_PCR,combination_disc,1,,,,,,15,,,10,,,,,,,,,,,,,,,,,,,,,,,,,,,,,,,,,,,,,,,,,,,,,,,,,,,,,,,,,
36,Y,,2017,Paediatr Int Child Health,Archary,"Bacterial infections in HIV-infected children admitted with severe acute malnutrition in Durban, South Africa",South Africa,,Durban,cross_sec_survey,2012,2015,invasive,malnutriton,sequential,human,IP ,,children,invasive,various,NA,vitek,combination_disc,1,,,,,,11,19,,2,13,,,,,,,,,,,,,,,,,,,,,,,,,,,,,,,,,,,,,,,,,,,,,,,,,,,,,,,,
37,Y,,2017,Int J Microbiol,Andrew,"trum Beta-Lactamases-Producing Microorganisms in Patients Admitted at KRRH, Southwestern Uganda",Uganda,,,cross_sec_survey,2015,2016,Invasive,enterobactaeriaciae_in_lab,sequential,human,IP_and_OP,,both,invasive,various,,,combination_disc,1,,,,,,44,36,,33,39,,,,,,,,,,,,,,,,,,,,,,,,,,,,,,,,,,,,,,,,,,,,,,,,,,,,,,,,
38,Y,,2017,BMC research notes,Ampaire,Phenotypic prevalence of extended spectrum beta-lactamases among enterobacteriaceae isolated at Mulago National Referral Hospital: Uganda,Uganda,,Mulago,cross_sec_survey,2016,2016,Invasive,enterobactaeriaciae_in_lab,sequential,human,IP_and_OP,,both,invasive,various,NA,vitek,vitek,1,,,,,,146,68,,18,10,,,,,,,,,,,,,,,,,,,,,,,,,,,,,,,,,,,,,,,,,,,,,,,,,,,,,,,,
39,Y,,2016,plos one,"Tellevik,","High Prevalence of Faecal Carriage of ESBL-Producing Enterobacteriaceae among Children in Dar es Salaam, Tanzania",Tanzania,,dar-es-salaam,cross_sec_survey,2010,2011,carriage,community members,sequential,human,community,,children,carriage,stool,chromagar,MALDI-TOF,combination disc,1,250,29,NA,NA,,,,,,,,,,,,,,,,,,,,,,,,,,,,,,,,,,,,,,,,,,,,,,,,,,,,,,,,,,,,,,
39,Y,,2016,plos one,"Tellevik,","High Prevalence of Faecal Carriage of ESBL-Producing Enterobacteriaceae among Children in Dar es Salaam, Tanzania",Tanzania,,dar-es-salaam,cross_sec_survey,2010,2011,carriage,community members,sequential,human,on_hospital_admission,,children,carriage,stool,chromagar,MALDI-TOF,combination disc,1,353,178,NA,NA,,,,,,,,,,,,,,,,,,,,,,,,,,,,,,,,,,,,,,,,,,,,,,,,,,,,,,,,,,,,,,
40,Y,,2016,Front Microbiol,Seni,"Multiple ESBL-Producing Escherichia coli Sequence Types Carrying Quinolone and Aminoglycoside Resistance Genes Circulating in Companion and Domestic Farm Animals in Mwanza, Tanzania, Harbor Commonly Occurring Plasmids",Tanzania,,Mwanza,cross_sec_survey,2014,2014,carriage,farm and companion animals,random,dogs;sheep;goats;chickens;pigs;cattle,community,,NA,carriage,rectal swab,mackonkey_nd_ab,,chromagar,1,600,130,125,6,1,,,,,,,25,,,,,,,,25,,,,,,,,,,,,,15,,,2,,,,,,,,,,,,,,,,,,,,,,,,,,,,,,
40,Y,,2016,BMC emergency medicine,Seni,"Comparison of antimicrobial resistance patterns of ESBL and non ESBL bacterial isolates among patients with secondary peritonitis at Bugando Medical Centre, Mwanza - Tanzania",Tanzania,,Mwanza,cross_sec_survey,2014,2015,invasive,secondary peritonitis,sequential,human,IP,no,adults,invasive,peritoneal fluid,NA,biochemical ,combination disc,1,,,,,,19,10,22,7,5,12,,,,,,,,,,,,,,,,,,,,,,,,,,,,,,,,,,,,,,,,,,,,,,,,,,,,,,,
41,Y,,2016,J Infect Dev Ctries,Sangare,Prevalence of ESBL-producing Enterobacteriaceae isolated from blood cultures in Mali,Mali,,Bamako,cross_sec_survey,2014,2014,invasive,fever,sequential,human,on_hospital_admission,no,both,invasive,blood,NA,API,double_disc,1,,,,,,11,14,15,8,10,3,,,,,,,,,,,,,,,,,,,,,,,,,,,,,,,,,,,,,,,,,,,,,,,,,,,,,,,
42,Y,,2016,Journal of Antimicrobial Chemotherapy,Ribeiro,Atypical epidemiology of CTX-M-15 among Enterobacteriaceae from a high diversity of non-clinical niches in Angola,Angola,,multiple,cross_sec_survey,2013,2013,carriage,community members,random,human,community,,adults,carriage,stool,chromagar,MALDI-TOF,PCR,1,18,4,7,,1,,,,,,,8,,,,,,,,8,,,,,,,,,,,,,,,,,,,,,,,,,,,,,,,,,,,,,,,,,,,,,,PCR
42,Y,,2016,Journal of Antimicrobial Chemotherapy,Ribeiro,Atypical epidemiology of CTX-M-15 among Enterobacteriaceae from a high diversity of non-clinical niches in Angola,Angola,,multiple,cross_sec_survey,2013,2013,carriage,livestock animals,random,pigs;chickens,,,,carriage,stool,chromagar,MALDI-TOF,PCR,1,10,5,13,3,,,,,,,,13,,,,,,,,13,,,,,,,,,,,,,,,,,,,,,,3,,,,3,,,,,,,,,,,,,,,,,,,,
42,Y,,2016,Journal of Antimicrobial Chemotherapy,Ribeiro,Atypical epidemiology of CTX-M-15 among Enterobacteriaceae from a high diversity of non-clinical niches in Angola,Angola,,multiple,cross_sec_survey,2013,2013,environment,water,random,NA,,,,,water,chromagar,MALDI-TOF,PCR,1,20,6,6,1,5,,,,,,,6,,,,,,,,6,,,,,,,,,,,,,,,,,,,,,1,,,,,,,,,,,,,,,,1,,,,,,,,,
43,Y,,2016,BMC Infect Dis,Ouedraogo,High prevalence of extended-spectrum ss-lactamase producing enterobacteriaceae among clinical isolates in Burkina Faso,Burkina Faso,,multiple,cross_sec_survey,2014,2014,invasive,enterobactaeriaciae_in_lab,sequential,human,IP_and_OP,unknown,both,invasive,various,,MALDI-TOF,double_disc,1,,,,,,202,70,36,121,46,12,121,,,,,,,4,113,,,,,,,,,,,10,1,40,,,82,,,,,46,,,,,44,,,8,,20,,13,,,,1,,,,,,,,,PCR
44,Y,,2016,plos one,Ndir,Epidemiology and Burden of Bloodstream Infections Caused by Extended-Spectrum Beta-Lactamase Producing Enterobacteriaceae in a Pediatric Hospital in Senegal,Senegal,,Dakar,cross_sec_survey,2012,2013,invasive,suspected sepsis,sequential,human,on_hospital_admission,both,children,invasive,blood,NA,API,double_disc,1,,,,,,12,40,60,7,33,44,,,,,,,,,,,,,,,,,,,,,,,,,,,,,,,,,,,,,,,,,,,,,,,,,,,,,,,
45,Y,,2016,BMC Infect Dis,Naas,"Neonatal infections with multidrug-resistant ESBL-producing E. cloacae and K. pneumoniae in Neonatal Units of two different Hospitals in Antananarivo, Madagascar	",Madagascar,,Antanavario,cross_sec_survey,2012,2013,invasive,neonatal sepsis,sequential,human,IP_and_OP,unknown,neonates,invasive,blood,NA,API,double_disc,,,,,,,7,14,,0,11,,,,,,,,,,,,,,,,,,,,,,,,,,,,,,,,,,,,,,,,,,,,,,,,,,,,,,,,
46,Y,analysis of predictors of colonisation,2016,BMC Infect Dis,Mshana,"Predictors of blaCTX-M-15 in varieties of Escherichia coli genotypes from humans in community settings in Mwanza, Tanzania",Tanzania,,Mwanza,cross_sec_survey,2014,2014,carriage,communit members,random,human,community,,both,,stool,mackonkey_and_ab,API,double_disc,1,334,55,42,2,11,,,,,,,25,,,,,,,,25,,,,,,,,,,,,,14,,,17,,,,,,,,,,,,,,,,,,,,,,,,,,,,,,
47,Y,,2016,Front Microbiol,Moremi,"Predominance of CTX-M-15 among ESBL Producers from Environment and Fish Gut from the Shores of Lake Victoria in Mwanza, Tanzania",Tanzania,,Mwanza,cross_sec_survey,2015,2015,carriage,fish at market,random,fish,fish at market,,,carriage,fish gut contents,mackonkey_and_ab,biochemical,double_disc,1,196,4,,,,,,,,,,15,,,,,,,,15,,,,,,,,,,,,,10,,,1,,,,,3,,,,,3,,,,,2,,1,,,2,,,,,,,,,,
47,Y,,2016,Front Microbiol,Moremi,"Predominance of CTX-M-15 among ESBL Producers from Environment and Fish Gut from the Shores of Lake Victoria in Mwanza, Tanzania",Tanzania,,Mwanza,cross_sec_survey,2015,2015,environmental,water,random,,,,,,water,mackonkey_and_ab,biochemical,double_disc,1,73,39,20,19,,,,,,,,,,,,,,,,,,,,,,,,,,,,,,,,,,,,,,,,,,,,,,,,,,,,,,,,,,,,,,
48,Y,can't extract ESBL types,2016,J Clin Diagn Res,Mohammed,Characterization of Extended-Spectrum Beta-lactamase from Escherichia coli and Klebsiella Species from North Eastern Nigeria,Nigeria,,Borno,cross_sec_survey,2014,2014,invasive,enterobactaeriaciae_in_lab,sequential,human,IP_and_OP,both,both,invasive,various,,conventional,double_disc,1,,,,,,172,178,,41,59,,,,,,,,,,,,,,,,,,,,,,,,,,,,,,,,,,,,,,,,,,,,,,,,,,,,,,,,
49,Y,,2016,BMC Infect Dis,Leski,"High prevalence of multidrug resistant Enterobacteriaceae isolated from outpatient urine samples but not the hospital environment in Bo, Sierra Leone",Sierra leone,,Bo,cross_sec_survey,2013,2014,invasive,suspected UTI,sequential,human,OP,no,both,invasive,urine,,API,combination_disc,1,,,,,,13,15,,0,9,,,,,,,,,,,,,,,,,,,,,,,,,,,,,,,,,,,,,,,,,,,,,,,,,,,,,,,,
50,Y,,2016,Pediatric Infectious Disease Journal,Kabwe,"Etiology, antibiotic resistance and risk factors for neonatal sepsis in a large referral center in Zambia	",Zambia,,Lusaka,cross_sec_survey,2013,2014,invasive,suspected sepsis,sequential,human,IP,both,neonates,invasive,blood,,biochemicl,e test,1,,,,,,5,74,,5,71,,,,,,,,,,,,,,,,,,,,,,,,,,,,,,,,,,,,,,,,,,,,,,,,,,,,,,,,
51,Y,,2016,Clin Microbiol Infect, Farra,"High rate of faecal carriage of extended-spectrum beta-lactamase-producing Enterobacteriaceae in healthy children in Bangui, Central African Republic",Central african republic,,Bangui,cross_sec_survey,2013,2013,carriage,community members,sequential,human,community,,children,carriage,stool,chromagar,NA,double_disc,1,134,79,51,20,10,,,,,,,83,1,,,,,,,81,,,,,1,,,,,,,,,,,,,,,,,,,,,,,,,,,,,,,,,,,,,,,,,
52,Y,,2016,International journal of medical microbiology,Eibach,"Extended spectrum beta-lactamase producing Enterobacteriaceae causing bloodstream infections in rural Ghana, 2007-2012",Ghana,,Ashanti,cross_sec_survey,2007,2012,invasive,fever,sequential,human,IP,both,both,invasive,blood,,API,combination_disc,1,,,,,,50,41,,5,34,,,5,,,,,,,5,,,,,,,,,,,,,,,,,,,,,34,,,,,34,,,,,,,,,,,,,,,,,,,,PCR
53,Y,,2016,J Infect Dev Ctries,Djuikoue,"Intestinal carriage of Extended Spectrum Beta-Lactamase producing E. coli in women with urinary tract infections, Cameroon",Cameroon,,Yaounde,cross_sec_survey,2011,2012,carriage,suspected UTI,sequential,human,OP,no,adults,carriage,stool,drigalski_and_ab,MALDI-TOF,double_disc,1,86,57,57,,,,,,,,,57,,,,,,,,,,,,,,57,,,,,,,,,,,,,,,,,,,,,,,,,,,,,,,,,,,,,,,,
54,Y,,2016,plos one,Desta,High Gastrointestinal Colonization Rate with Extended-Spectrum beta-Lactamase-Producing Enterobacteriaceae in Hospitalized Patients: Emergence of Carbapenemase-Producing K. pneumoniae in Ethiopia,Ethopia,,Addis ababa,cross_sec_survey,2012,2012,carriage,inpatient > 48hr,random,human,IP,,both,carriage,stool,chromagar,NA,combination_disc,1,267,139,95,47,,,,,,,,,,,,,,,,,,,,,,,,,,,,,,,,,,,,,,,,,,,,,,,,,,,,,,,,,,,,,,
55,Y,,2016,Int J Microbiol,Chishimba,Detection of Extended-Spectrum Beta-Lactamase-Producing Escherichia coli in Market-Ready Chickens in Zambia,zambia,,Lusaka,cross_sec_survey,NA,NA,carriage,chicken carcass at slaughterhouse,random,chicken,community,,,cariage,carcass,mackconkey,biochemicl,pcr,,384,77,77,,,,,,,,,77,,,,,,,,,,,,,,,,,,71,,,,,,,,5,22,,,,,,,,,,,,,,,,,,,,,,,,,,,
56,Y,,2016,BMC infectious diseases,Buys,"Klebsiella pneumoniae bloodstream infections at a South African children's hospital 2006-2011, a cross-sectional study",South Africa,,Cape Town,cross_sec_survey,2006,2011,invasive,klebsiell bsi,sequential,human,IP,both,children,invasive,blood,,API,resistance to all cephalosporins,,,,,,,,410,,,339,,,,,,,,,,,,,,,,,,,,,,,,,,,,,,,,,,,,,,,,,,,,,,,,,,,,,,,,
57,Y,,2016,BMC Infectious Diseases,Breurec,"High third-generation cephalosporin resistant Enterobacteriaceae prevalence rate among neonatal infections in Dakar, Senegal",Senegal,,Dakar,cross_sec_survey,2007,2008,invasive,neonatal spsis,sequential,human,IP,both,neonates,invasive,blood and csf,,API,double_disc,1,,,,,,,41,,,33,,,,,,,,,,,,,,,,,,,,,,,,,,,,,,,33,,,,,24,2,,,,,,,,,,,,,,,,,30,13,PCR
58,Y,,2016,Diagn Microbiol Infect Dis,Agyekum,blaCTX-M-15 carried by IncF-type plasmids is the dominant ESBL gene in Escherichia coli and Klebsiella pneumoniae at a hospital in Ghana,Ghana,,Kumasi,cross_sec_survey,2013,2013,invasive,klebsiella in lab,sequential,human,IP_and_OP,unknown,both,invasive,blood and urine,,MALDI-TOF,PCR,,,,,,,58,43,,30,33,,30,,,,,,,,30,1,,,,,,,,,,,,,,,,27,,32,,33,,,,,33,,,,,,26,,,,,,,,,,,,,20,PCR
59,Y,,2016,plos one,Abera,"Extended-Spectrum beta (beta)-Lactamases and Antibiogram in Enterobacteriaceae from Clinical and Drinking Water Sources from Bahir Dar City, Ethiopia",Ethiopia,,bahir dar,cross_sec_survey,2013,2015,environment,tap water,random,,,,,,tap waer,mackonkey,biochemisty,double_disk,1,280,4,2,2,,,,,,,,,,,,,,,,,,,,,,,,,,,,,,,,,,,,,,,,,,,,,,,,,,,,,,,,,,,,,,
59,Y,,2016,plos one,Abera,"Extended-Spectrum beta (beta)-Lactamases and Antibiogram in Enterobacteriaceae from Clinical and Drinking Water Sources from Bahir Dar City, Ethiopia",Ethiopia,,bahir dar,cross_sec_survey,2013,2015,invasive,enterobacteriacae in lab,sequential,human,IP_and_OP,both,both,invasive,blood and urine,,biochemisty,double_disk,1,,,,,,122,49,,71,34,,,,,,,,,,,,,,,,,,,,,,,,,,,,,,,,,,,,,,,,,,,,,,,,,,,,,,,,
60,Y,,2015,plos one,Rasmussen,Beta-Lactamase Producing Escherichia coli Isolates in Imported and Locally Produced Chicken Meat from Ghana,Ghana,,Accra,cross_sec_survey,NA,NA,carriage,chicken meat,random,chicken,community,,,carriage,chicken meat or cloaca swab,discovery_ab,MALDI-TOF,combination_disc,1,153,22,22,,,,,,,,,20,1,,,,,,,10,,,,1,,3,2,,,,,,,,,,,,,,,,,,,,,,,,,,,,,,,,,,,,,,,
61,Y,,2015,BMC Microbiology,Rafaï,"Dissemination of IncF-type plasmids in multiresistant CTX-M-15-producing Enterobacteriaceae isolates from surgical-site infections in Bangui, Central African Republic",Central african republic,,Bangui,cross_sec_survey,2011,2012,invasive,surgical site infections,sequential,human,IP,yes,both,invasive,wound swabs,,conventional,double_disc,1,,,,,,47,19,,33,10,,33,,,,,,,,33,,,,,,,,,,,,,,,,,,,,,19,,,,,19,,,,,,,,,,,,,,,,,,,,PCR
62,Y,,2015,J Glob Antimicrob Resist,Pons,Characterisation of extended-spectrum beta-lactamases among Klebsiella pneumoniae isolates causing bacteraemia and urinary tract infection in Mozambique,Mozambique,Manhica,,cross_sec_survey,2004,2009,invasive,all blood and urine cultures in lab,sequential,human,IP_and_OP,both,both,invasive,blood and urine,,MALDI-TOF,double_disc,1,,,,,,,50,,,16,,,,,,,,,,,,,,,,,,,,,,,,,,,,,,,19,,,,,19,,,16,,,7,4,3,1,4,1,,1,1,,,1,,,PCR
63,Y,can't diaggregate klebs,2015,"Infect Drug Resist	",Opintan,Laboratory-based nationwide surveillance of antimicrobial resistance in Ghana,Ghana,,nationwide,cross_sec_survey,2014,2014,invasive,all esco in lab,sequential,human,IP_and_OP,unknown,both,invasive,various,,API,double_disc,,,,,,,440,,,81,,,,,,,,,,,,,,,,,,,,,,,,,,,,,,,,,,,,,,,,,,,,,,,,,,,,,,,,,
64,Y,,2015,Journal of environmental and public health,Olowe,"Phenotypic and Molecular Characterisation of Extended-Spectrum Beta-Lactamase Producing Escherichia coli Obtained from Animal Fecal Samples in Ado Ekiti, Nigeria",Nigeria,Ado Ekiti,,cross_sec_survey,NA,NA,carriage,healthy animals,random,cows;pigs,community,,,carriage,stool,mackonkey,API,double_disc,1,350,72,72,,,,,,,,,,,,,,,,,,,,,,,,,,,,,,,,,,,,,,,,,,,,,,,,,,,,,,,,,,,,,,,
65,Y,,2015,Eur J Microbiol Immunol,Micheel,"Identification of nasal colonization with beta-lactamase-producing Enterobacteriaceae in patients, health care workers and students in Madagascar",Madagascar,,Antanavario,cross_sec_survey,NA,NA,carriage,students and healthcare workers,random,human,community,,adults,carriage,nasal swab,brilliance,MALDI-TOF,PCR,1,1541,5,,,,,,,,,,,,,,,,,,,,,,,,,,,,,,,,,,,,,,,,,,,,,,,,,,,,,,,,,,,,,,,,
65,Y,,2015,Eur J Microbiol Immunol,Micheel,"Identification of nasal colonization with beta-lactamase-producing Enterobacteriaceae in patients, health care workers and students in Madagascar",Madagascar,,Antanavario,cross_sec_survey,NA,NA,carriage,hispitalised patients,random,human,on_hospital_admission,,adults,carriage,nasal swab,brilliance,MALDI-TOF,PCR,1,169,12,,,,,,,,,,,,,,,,,,,,,,,,,,,,,,,,,,,,,,,,,,,,,,,,,,,,,,,,,,,,,,,,
66,Y,,2015,BMC Pharmacol Toxicol,Kateregga,"Phenotypic expression and prevalence of ESBL-producing Enterobacteriaceae in samples collected from patients in various wards of Mulago Hospital, Ugan",Uganda,,mulago,cross_sec_survey,2014,2014,invasive,enterobacteriaciae in lab,sequential,human,IP_and_OP,both,both,invasive,various,,biochemical,double_disc,,,,,,,64,33,,36,24,,,,,,,,,,,,,,,,,,,,,,,,,,,,,,,,,,,,,,,,,,,,,,,,,,,,,,,,
67,Y,,2015,S Afr Med J,Irenge,Antimicrobial resistance of bacteria isolated from patients with bloodstream infections at a tertiary care hospital in the Democratic Republic of the Congo,democratic republic of congo,,south kivu,cross_sec_survey,2013,2014,invasive,fever,sequential,human,IP_and_OP,both,both,invasive,blood,,biochemical,double_disc,,,,,,,54,21,,9,10,,,,,,,,,,,,,,,,,,,,,,,,,,,,,,,,,,,,,,,,,,,,,,,,,,,,,,,,
68,Y,,2015,"BMC Pediatr	",Dramowski,Trends in paediatric bloodstream infections at a South African referral hospita,South Africa,,Cape town,cross_sec_survey,2008,2013,invasive,suspected sepsis,sequential,human,IP_and_OP,both,children,invasive,blood,,vitek,vitek,,,,,,,97,154,,14,119,,,,,,,,,,,,,,,,,,,,,,,,,,,,,,,,,,,,,,,,,,,,,,,,,,,,,,,,
69,Y,,2015,"Antimicrobial Agents and Chemotherapy	",Chereau,Colonization of extended-spectrum-β-lactamase- and NDM-1-producing Enterobacteriaceae among pregnant women in the community in a low-income country: A potential reservoir for transmission of multiresistant Enterobacteriaceae to neonates,Madagascar,,Multiple,cross_sec_survey,2013,2014,carriage,pregnant women,sequential,human,community,,adults,carriage,stool,drigalski_and_ab,API,double_disc,1,356,66,,,,,,,,,,,,,,,,,,,,,,,,,,,,,,,,,,,,,,,,,,,,,,,,,,,,,,,,,,,,,,,,
70,Y,,2014,Brazilian journal of microbiology,Yusuf,"Detection of multi drug resistant bacteria in major hospitals in Kano, North-West, Nigeria	",Nigeria,Kano,,cross_sec_survey,NA,NA,invasive,enterobactaeriaciae_in_lab,sequential,human,IP_and_OP,both,adults,invasive,various,,NA,double_disc,,,,,,,278,128,,47,19,,,,,,,,,,,,,,,,,,,,,,,,,,,,,,,,,,,,,,,,,,,,,,,,,,,,,,,,
71,Y,,2014,BMC Infectious Diseases,Scherbaum,"Incidence, pathogens and resistance patterns of nosocomial infections at a rural hospital in Gabon",Gabon,,Lambaréné,cross_sec_survey,NA,NA,invasive,nosocomial infection,sequential,human,IP,yes,adults,invasive,various,,API,combination_disc,,,,,,,14,6,,5,3,,,,,,,,,,,,,,,,,,,,,,,,,,,,,,,,,,,,,,,,,,,,,,,,,,,,,,,,
72,Y,screened for esco only,2014,BMC Microbiol,Schaumburg,The risk to import ESBL-producing Enterobacteriaceae and Staphylococcus aureus through chicken meat trade in Gabo,Gabon,,Lambaréné,cross_sec_survey,2011,2012,carriage,chicken meat,random,chicken,community,,,carriage,chicken meat ,chromagar,vitek,double_disc,,60,14,14,,,,,,,,,,,,,,,,,,,,,,,,,,,,,,,,,,,,,,,,,,,,,,,,,,,,,,,,,,,,,,,
73,Y,,2014,BMC Res Notes,Nelson,"Evaluation of existence and transmission of extended spectrum beta lactamase producing bacteria from post-delivery women to neonates at Bugando Medical Center, Mwanza-Tanzania",Tanzania,,Mwanza,cross_sec_survey,2013,2013,carriage,pregnant women,sequential,human,on_hospital_admission,,adults,carriage,rectal swab,mackonkey_and_ab,biochemical,double_disc,1,113,17,,,,,,,,,,,,,,,,,,,,,,,,,,,,,,,,,,,,,,,,,,,,,,,,,,,,,,,,,,,,,,,,
74,Y,,2014,Vet Microbiol,Janatova,"Antimicrobial-resistant Enterobacteriaceae from humans and wildlife in Dzanga-Sangha Protected Area, Central African Republic",Central african republic,Dzanga Ndoki NP,,cross_sec_survey,2011,2011,carriage,wild animals,random,gorilla;mangabey;buffalo;elephant;duiker;bongo;sitatunga,wild,,,carriage,stool,mackonkey_and_ab,MALDI-TOF,double_disc,,103,2,,,,,,,,,,,,,,,,,,,,,,,,,,,,,,,,,,,,,,,,,,,,,,,,,,,,,,,,,,,,,,,,
75,Y,,2014,"BMC Res Notes	",Irenge,Antimicrobial resistance in urinary isolates from inpatients and outpatients at a tertiary care hospital in South-Kivu Province (Democratic Republic of Congo),democratic republic of congo,south kivu,,cross_sec_survey,2012,2013,invasve,UTI symptoms,sequential,human,IP_and_OP,both,both,invasive,urine,,biochemical,double_disc,,,,,,,376,,,57,,,,,,,,,,,,,,,,,,,,,,,,,,,,,,,,,,,,,,,,,,,,,,,,,,,,,,,,,
76,Y,,2014,Interdiscip Perspect Infect Dis,Adeyankinnu,"A Multicenter Study of Beta-Lactamase Resistant Escherichia coli and Klebsiella pneumoniae Reveals High Level Chromosome Mediated Extended Spectrum beta Lactamase Resistance in Ogun State, Nigeria",Nigeria,Ogun,,cross_sec_survey,2012,2013,invasive,enterobacteriaciae_in_lab,sequential,human,IP_and_OP,both,both,invasive,various,drigalski_with_ab,conventional,double_disc,1,,,,,,135,62,,36,16,,,,,,,,,,,,,,,,,,,,,,,,,,,,,,,,,,,,,,,,,,,,,,,,,,,,,,,,
77,Y,,2013,S Afr Med J,van der Meeren,"Extremely high prevalence of multi-resistance among uropathogens from hospitalised children in Beira, Mozambique",Mozambique,,Beira,cross_sec_survey,2009,2009,invasive,suspected UTI or malnutrition,sequential,human,IP,both,children,invasive,urine,,API,combination disc,,,,,,,14,17,,9,15,,,,,,,,,,,,,,,,,,,,,,,,,,,,,,,,,,,,,,,,,,,,,,,,,,,,,,,,
78,Y,,2013,J Antimicrob Chemother,Schaumburg,High burden of extended-spectrum beta-lactamase-producing Enterobacteriaceae in Gabon,Gabon,,Lambarene ,cross_sec_survey,2010,2011,carriage,hospitalised children,sequential,human,IP,,children,carriage,rectal_swab,chromagar,vitek,double_disc,1,200,90,30,67,10,,,,,,,30,,,,,2,,,24,,,,,,,,,,,,,,,,,,2,17,,67,2,,,,58,,,57,,,,,,,,,,,,,,,47,57,pcr
79,Y,,2013,J Infect Public Health,Raji,"Point-surveillance of antibiotic resistance in Enterobacteriaceae isolates from patients in a Lagos Teaching Hospital, Nigeria",Nigeria,,Lagos,cross_sec_survey,2011,2011,invasive,enterobactaeriaciae_in_lab,sequential,human,IP_and_OP,both,both,invasive,various,,vitek,e test,1,,,,,,43,32,,21,12,,,,,,,,,,,,,,,,,,,,,,,,,,,,,,,,,,,,,,,,,,,,,,,,,,,,,,,,
80,Y,,2013,Am J Trop Med Hyg,Obeng-Nkrumah,High levels of extended-spectrum beta-lactamases in a major teaching hospital in Ghana: the need for regular monitoring and evaluation of antibiotic resistance,Ghana,,Accra,cross_sec_survey,2008,2008,invasive,enterobactaeriaciae_in_lab,sequential,human,IP_and_OP,both,both,invasive,various,,API,combination disc,,,,,,,126,96,,55,59,,,,,,,,,,,,,,,,,,,,,,,,,,,,,,,,,,,,,,,,,,,,,,,,,,,,,,,,
81,Y,,2013,"Clin Microbiol Infect	",Magoue,"Prevalence and spread of extended-spectrum beta-lactamase-producing Enterobacteriaceae in Ngaoundere, Cameroon",Cameroon,,Ngaoundere,cross_sec_survey,2010,2010,carriage,hospital_workers_and_their_families,NA,human,hospital_workers,,adults,carriage,stool,drigalski_plus_ab,NA,double_disc,1,87,39,,,,,,,,,,216,,,,,,,,214,,,,,,,,,,,,4,123,,,134,,,,,74,,,,,70,,,64,,23,,37,3,,,,,,,,,,,,pcr
81,Y,,2013,"Clin Microbiol Infect	",Magoue,"Prevalence and spread of extended-spectrum beta-lactamase-producing Enterobacteriaceae in Ngaoundere, Cameroon",Cameroon,,Ngaoundere,cross_sec_survey,2010,2010,carriage,inpatients ,NA,human,IP,,adults,carriage,stool,drigalski_plus_ab,NA,double_disc,1,208,140,,,,,,,,,,,,,,,,,,,,,,,,,,,,,,,,,,,,,,,,,,,,,,,,,,,,,,,,,,,,,,,,
81,Y,,2013,"Clin Microbiol Infect	",Magoue,"Prevalence and spread of extended-spectrum beta-lactamase-producing Enterobacteriaceae in Ngaoundere, Cameroon",Cameroon,,Ngaoundere,cross_sec_survey,2010,2010,carriage,guardians of inpatients,NA,human,IP,,adults,carriage,stool,drigalski_plus_ab,NA,double_disc,1,63,36,,,,,,,,,,,,,,,,,,,,,,,,,,,,,,,,,,,,,,,,,,,,,,,,,,,,,,,,,,,,,,,,
81,Y,,2013,"Clin Microbiol Infect	",Magoue,"Prevalence and spread of extended-spectrum beta-lactamase-producing Enterobacteriaceae in Ngaoundere, Cameroon",Cameroon,,Ngaoundere,cross_sec_survey,2010,2010,carriage,outpatients,NA,human,IP,,adults,carriage,stool,drigalski_plus_ab,NA,double_disc,1,232,104,,,,,,,,,,,,,,,,,,,,,,,,,,,,,,,,,,,,,,,,,,,,,,,,,,,,,,,,,,,,,,,,pcr
82,Y,,2013,Eur J Clin Microbiol Infect Dis,Lonchel,Extended-spectrum beta-lactamase-producing Enterobacteriaceae in Cameroonian hospitals,Cameroon,,multiple,cross_sec_survey,2009,2009,carriage,hospitalised ,sequential,human,IP,,adults,carriage,stool,mackonkey_ab,MALDI-TOF,double_disc,1,121,67,34,28,9,,,,,,,34,,,,,,,,34,,,,,,,,,,,,,30,,,15,,,,,28,,,,,26,,,22,,,,19,,,,,,,,,,,,,pcr
83,Y,,2013,Oman Med J,Ibrahim,"Prevalence of Extended-spectrum beta-Lactamases-producing Escherichia coli from Hospitals in Khartoum State, Sudan",Sudan,Khartoum state,,cross_sec_survey,2011,2011,invasive,e coli in lab,sequential,human,IP_and_OP,both,both,invasive,various,,API,double_disc,1,,,,,,232,,,70,,,,,,,,,,,,,,,,,,,,,,,,,,,,,,,,,,,,,,,,,,,,,,,,,,,,,,,,,
84,Y,Can't disaggregate ESCO,2013,BMC Infect Dis,Alabi,"Retrospective analysis of antimicrobial resistance and bacterial spectrum of infection in Gabon, Central Africa			",Gabon,,Lambaréné,cross_sec_survey,2009,2012,invasive,enterobactaeriaciae_in_lab,sequential,human,IP_and_OP,both,both,invasive,various,,API,double_disc,1,,,,,,,85,,,43,,,,,,,,,,,,,,,,,,,,,,,,,,,,,,,,,,,,,,,,,,,,,,,,,,,,,,,,
85,Y,,2012,BMC Infectious Diseases,Lonchel,"Proportion of extended-spectrum ß-lactamase-producing Enterobacteriaceae in community setting in Ngaoundere, Cameroon",Cameroon,,Ngaoundere,cross_sec_survey,2009,2009,carriage,students,,human,community,,adults,carriage,stool,mackonkey_and_ab,MALDI-TOF,double_disc,1,150,10,9,1,,,,,,,,9,,,,,,,,9,,,,,,,,,,,,,2,,,1,,,,,1,,,,,1,,,1,,,,1,,,,,,,,,,,,,pcr
85,Y,,2012,BMC Infectious Diseases,Lonchel,"Proportion of extended-spectrum ß-lactamase-producing Enterobacteriaceae in community setting in Ngaoundere, Cameroon",Cameroon,,Ngaoundere,cross_sec_survey,2009,2009,carriage,OP,,human,OP,,adults,carriage,stool,mackonkey_and_ab,MALDI-TOF,double_disc,1,208,48,32,2,14,,,,,,,32,,,,,,,,31,,,,,,,,,,,,1,3,,,2,,,,,2,,,,,2,,,1,,,,1,,,,,,,,,,,,,
86,Y,can't disaggregate ESBLgenes,2012,plos one,Isendahl,Fecal carriage of ESBL-producing E. coli and K. pneumoniae in children in Guinea-Bissau: a hospital-based cross-sectional study,Guinae-Bissau,,Bissau,cross_sec_survey,2010,2010,carriage,children attending hospital with fever or tachycardia,,human,on_hospital_admission,,children,carriage,rectal swab,chromagar,vitek,pcr,1,408,133,83,91,,,,,,,,,,,,,,,,,,,,,,,,,,,,,,,,,,,,,,,,,,,,,,,,,,,,,,,,,,,,,,
87,Y,,2012,Antimicrob Agents Chemother,Albrechtova,"Dogs of nomadic pastoralists in northern Kenya are reservoirs of plasmid-mediated cephalosporin- and quinolone-resistant Escherichia coli, including pandemic clone",Kenya,,multiple,cross_sec_survey,2009,2009,carriage,healthy dogs and cats,random,dogs;cats,community,,,carriage,rectal swabs,mackoney_and_ab,API,double_disc,1,266,49,,,,,,,,,,47,,,,,,,,47,,,,,,,,,,,,,,,,47,,,,,,,,,,,,,,,,,,,,,,,,,,,,,,
87,Y,,2012,Antimicrob Agents Chemother,Albrechtova,"Dogs of nomadic pastoralists in northern Kenya are reservoirs of plasmid-mediated cephalosporin- and quinolone-resistant Escherichia coli, including pandemic clone",Kenya,,multiple,cross_sec_survey,2009,2009,carriage,community members,random,human,community,,adults,carriage,rectal swabs,mackoney_and_ab,API,double_disc,1,23,4,4,,,,,,,,,,,,,,,,,,,,,,,,,,,,,,,,,,,,,,,,,,,,,,,,,,,,,,,,,,,,,,,
88,Y,cross sec but info on dc,2011,Clin Infect Dis,Woerther,"Massive increase, spread, and exchange of extended spectrum beta-lactamase-encoding genes among intestinal Enterobacteriaceae in hospitalized children with severe acute malnutrition in Niger",Niger,Maradi,,cohort,2007,2008,carriage,malnutriton,sequential,human,on_hospital_admission,,children,carriage,rectal swabs,chromagar,API,pcr,1,55,17,12,4,5,,,,,,,12,,,,,,,,12,,,,,,,,,,,,,,,,,,,,,4,,,,,2,,,,,,,,1,,,1,,,,,,,,,pcr
89,Y,,2011,plos one,Herindrainy,"Rectal carriage of extended-spectrum beta-lactamase-producing gram-negative bacilli in community settings in Madagascar	",Madagascar,,Antananarivo,cross_sec_survey,2009,2009,carriage,health centre attendees,sequential,human,OP,,both,carriage,stool,driganski_plus_ab,API,double_disc,1,484,49,31,14,8,,,,,,,,,,,,,,,,,,,,,,,,,,,,,,,,,,,,,,,,,,,,,,,,,,,,,,,,,,,,,
90,Y,klebsiella spp only,2010,BMC Res Notes,Moyo,Antimicrobial resistance among producers and non-producers of extended spectrum beta-lactamases in urinary isolates at a tertiary Hospital in Tanzania,Tanzania,,Dar es salaam,cross_sec_survey,2010,2010,invasive,susp uti,sequential,human,IP_and_OP,both,both,invasive,urine,,biochemical,e test,1,,,,,,138,,,54,,,,,,,,,,,,,,,,,,,,,,,,,,,,,,,,,,,,,,,,,,,,,,,,,,,,,,,,,
91,Y,cohort - hosp dc,2010,BMC Infect Dis,Andriatahina,High prevalence of fecal carriage of extended-spectrum beta-lactamase-producing Escherichia coli and Klebsiella pneumoniae in a pediatric unit in Madagascar,Madagascar,,Antananarivo,cohort,2009,2009,carriage,inpatients,sequential,human,on_hospital_admission,,children,carriage,rectal swab,drigalski_and_ab,API,double_disc,,54,244,,,,,,,,,,,,,,,,,,,,,,,,,,,,,,,,,,,,,,,,,,,,,,,,,,,,,,,,,,,,,,,,
92,Y,,2009,Emerg Infect Dis,Tande,Extended-spectrum beta-lactamase-producing Enterobacteriaceae in a Malian orphanag,Mali,,Bamako,cross_sec_survey,2003,2003,carriage,staff and occupants of orphanage,sequential,human,institution,,both,carrage,stool,drigalski)and_ab,API,double_disc,1,68,49,66,42,9,,,,,,,,,,,,,,,,,,,,,,,,,,,,,,,,,,,,,,,,,,,,,,,,,,,,,,,,,,,,,
93,Y,,2009,Antimicrob Agents Chemother,Ruppe,Carriage of CTX-M-15-producing Escherichia coli isolates among children living in a remote village in Senegal,Senegal,,Kagnoube,cross_sec_survey,NA,NA,carriage,community members,random,human,community,,children,carrage,stool,drigalski_and_ab,NA,double_disc,1,20,2,,,,,,,,,,2,,,,,,,,2,,,,,,,,,,,,,2,,,2,,,,,,,,,,,,,,,,,,,,,,,,,,,,,,
94,Y,,2009,BMC Res Notes,Mshana,"Prevalence of multiresistant gram-negative organisms in a tertiary hospital in Mwanza, Tanzania",Tanzania,,Mwanza,cross_sec_survey,NA,NA,invasive,enterobacteriaeceiae_in_lab,sequential,human,IP_and_OP,both,both,invasive,various,mackonkey_and_ab,biochemistry,double_disc,,,,,,,127,91,,31,58,,,,,,,,,,,,,,,,,,,,,,,,,,,,,,,,,,,,,,,,,,,,,,,,,,,,,,,,
95,Y,ESBL really pick up after 2004!,2009,J Infect Dev Ctries,Bercion,"Increasing prevalence of antimicrobial resistance among Enterobacteriaceae uropathogens in Bangui, Central African Republic",central african republic,,bangui,cross_sec_survey,2004,2006,invasive,susp uti,sequential,human,OP,no,both,invasive,urine,,API,double_disc,,,,,,,357,57,,29,17,,,,,,,,,,,,,,,,,,,,,,,,,,,,,,,,,,,,,,,,,,,,,,,,,,,,,,,,
96,Y,,2007,J Infect Dev Ctries,Sire,"Antimicrobial resistance in outpatient Escherichia coli urinary isolates in Dakar, Senegal",Senegal,,Dakar,cross_sec_survey,2004,2006,invasive,uti,sequential,human,IP_and_OP,both,both,invasive,urine,,API,double_disc,1,,,,,,1010,,,38,,,,,,,,,,,,,,,,,,,,,,,,,,,,,,,,,,,,,,,,,,,,,,,,,,,,,,,,,
97,Y,,2005,BMC Infect Dis,Ndugulile,Extended spectrum beta-lactamases among Gram-negative bacteria of nosocomial origin from an intensive care unit of a tertiary health facility in Tanzania,Tanzania,,Muhimbili ,cross_sec_survey,2002,2003,invasive,nosocomial ITU infection,sequential,human,IP,yes,adults,invasive,various,,API,double_disc,1,,,,,,13,2,,4,2,,4,,,,,,,,3,,,,,,,,,,,,1,,,,,,,,,2,,,,,,,,,,,,,,,,1,1,,,,,,,,pcr
98,Y,,2005,J Clin Microbiol,Gangoue-Pieboji,"Extended-spectrum-beta-lactamase-producing Enterobacteriaceae in Yaounde, Cameroon",Cameroon,,Yaounde,cross_sec_survey,1995,1998,invasive,enterobacteriaciae_in_lab,sequential,human,IP,both,both,invasive,various,,API,double_disc,,,,,,,91,64,,13,12,,,,,,,,,,,,,,,,,,,,,,,,,,,,,,,,,,,,,,,,,,,,,,,,,,,,,,,,
99,Y,,2005,J Clin Microbiol,Blomberg,"High rate of fatal cases of pediatric septicemia caused by gram-negative bacteria with extended-spectrum beta-lactamases in Dar es Salaam, Tanzania",Tanzania,,dar es salaam,cross_sec_survey,2001,2002,invasive,febrile children,sequential,human,IP_and_OP,both,children,invasive,blood,,API,double_disc,,,,,,,36,48,,9,9,,9,,,,,,,,5,,,,,,,,,,,,,,4,,,,,,,9,,,,,1,,,,3,,,,2,,,2,,,,,,,,,pcr
100,Y,,2004,Diagnostic Microbiology and Infectious Disease,Dromigny,"Increasing prevalence of antimicrobial resistance among Enterobacteriaceae uropathogens in Dakar, Senegal: A multicenter study",Senegal,,Dakar,cross_sec_survey,2001,2001,invasive,uti,sequential,human,OP,no,both,invasive,urine,,API,double_disc,1,,,,,,233,34,,2,1,,,,,,,,,,,,,,,,,,,,,,,,,,,,,,,,,,,,,,,,,,,,,,,,,,,,,,,,
101,Y,,2002,International journal of antimicrobial agents,Dromigny,"Distribution and susceptibility of bacterial urinary tract infections in Dakar, Senegal",Senegal,,Dakar,cross_sec_survey,1999,2000,invasive,susp_uti,sequential,human,OP,no,both,invasive,urine,,API,double_disc,1,,,,,,386,97,,1,6,,,,,,,,,,,,,,,,,,,,,,,,,,,,,,,,,,,,,,,,,,,,,,,,,,,,,,,,
,N,e colis not screened for ESBL,2018,PeerJ,Akinbami,"Prevalence of extended spectrum beta lactamase and plasmid mediated quinolone resistant genes in strains of Klebsiella pneumonia, Morganella morganii, Leclercia adecarboxylata and Citrobacter freundii isolated from poultry in South Western Nigeria",Nigeria,multiple,,cross_sec_survey,2015,2016,carriage,farm_animals,,chickens,community,,NA,carriage,stool,mackonkey_and_ab,MALDI-TOF,vitek_and_pcr,1,,,,,,,,,,,,,,,,,,,,,,,,,,,,,,,,,,,,,,,,,,,,,,,,,,,,,,,,,,,,,,,,,,
,N,no details regarding isolation of e coli,2014,J Infect Dev Ctries,Inwezerua,"Occurrence of extended-spectrum beta-lactamases in human and bovine isolates of Escherichia coli from Oyo state, Nigeria",Nigera,Oyo,,cross_sec_survey,2010,2011,carriage,healthy cows,random,cow,community,,,cariage,stool,,,,,,,,,,,,,,,,,,,,,,,,,,,,,,,,,,,,,,,,,,,,,,,,,,,,,,,,,,,,,,,,,,,,,,
,N,can't disaggregate  stool ESBL,2016,BMC Res Notes,Najjuka,Antimicrobial susceptibility profiles of Escherichia coli and Klebsiella pneumoniae isolated from outpatients in urban and rural districts of Uganda,Uganda,,multiple,cross_sec_survey,2006,2008,carriage,attending clinic,,,,,,,,,,,,,,,,,,,,,,,,,,,,,,,,,,,,,,,,,,,,,,,,,,,,,,,,,,,,,,,,,,,,,,,,,,,,,
,N,NO ESBL CONFIRMATION,2018,Journal fur Verbraucherschutz und Lebensmittelsicherheit,Nato,Prevalence of β-haemolytic multi-drug resistant E. coli in cow and camel milk in Kenya,Kenya,Multiple,,cross_sec_survey,2016,2016,environmental,milk,random,cow;camel,,,,,,,,,,,,,,,,,,,,,,,,,,,,,,,,,,,,,,,,,,,,,,,,,,,,,,,,,,,,,,,,,,,,,,,,,,,
,N,< 10 enterbacteriaeciae,2018,Journal of global antimicrobial resistance,Olowo-Okere,Molecular characterisation of extended-spectrum beta-lactamase-producing Gram-negative bacterial isolates from surgical wounds of patients at a hospital in North Central Nigeria,Nigeria,Abuja,,cross_sec_survey,2015,2015,invasive,SSI,sequential,human,IP,,adults,invasive,wound_swab,NA,,double_disk,,,,,,,,,,,,,,,,,,,,,,,,,,,,,,,,,,,,,,,,,,,,,,,,,,,,,,,,,,,,,,,,,,,
,N,Can't disaggregate ESCO and kleb,2018,International Journal of Infectious Diseases,Mvalo,"Bloodstream infections in oncology patients at Red Cross War Memorial Children's Hospital, Cape Town, from 2012 to 2014",South Africa,Western Cape,Cape town,cross_sec_survey,2012,2014,invasive,fever,sequential,human,IP,,children,invasive,blood,NA,vitek,vitek,,,,,,,,,,,,,,,,,,,,,,,,,,,,,,,,,,,,,,,,,,,,,,,,,,,,,,,,,,,,,,,,,,,
,N,NO ESBL CONFIRMATION,2016,Rwanda Medical Journal,Rogo,High incidence of bacteria resistant to who recommended empiric antibiotics for neonatal sepsis at a tertiary level neonatology unit in Rwanda,Rwanda,,Kigali,cross_sec_survey,2013,2013,invasive,"neonatal sepsis, positive culture",sequential,human,IP,no,neonates,invasive,"blood, csf, urine",NA,NA,NA,,,,,,,,,,,,,,,,,,,,,,,,,,,,,,,,,,,,,,,,,,,,,,,,,,,,,,,,,,,,,,,,,,,
,N,ESBL confirmation not described,2014,Paediatr Int Child Health,Morkel,Bloodstream infections and antimicrobial resistance patterns in a South African neonatal intensive care unit,South Africa,,Cape town,cross_sec_survey,2008,2008,invasive,NICU admissions,sequential,human,IP,both,children,invasive,blood,,NA,,,,,,,,,,,,,,,,,,,,,,,,,,,,,,,,,,,,,,,,,,,,,,,,,,,,,,,,,,,,,,,,,,,,
,N,no speciation or ESBL confirmation,2018,"APMIS : acta pathologica, microbiologica, et immunologica Scandinavica",Nestor,"Detection of extended-spectrum beta-lactamase production in Enterobacteriales from patients with suspected urinary tract infections, Tabora region, Rural Tanzania",Tanzania,Tabora,,cross_sec_survey,2016,2016,invasive,sequential_urines_in_lab,sequential,human,IP_and_OP,,adults,invasive,urine,NA,,,,,,,,,,,,,,,,,,,,,,,,,,,,,,,,,,,,,,,,,,,,,,,,,,,,,,,,,,,,,,,,,,,,,
,N,cant extract ESCO/klpn ESBL,2017,lancet id,musicha,Trends in antimicrobial resistance in bloodstream infection isolates at a large urban hospital in Malawi (1998-2016): a surveillance study,Malawi,,Blantyre,cross_sec_survey,1998,2016,invasive,fever,sequential,human,IP_and_OP,,both,invasive,blood,NA,API,combination_disc,1,,,,,,,,,,,,,,,,,,,,,,,,,,,,,,,,,,,,,,,,,,,,,,,,,,,,,,,,,,,,,,,,,,
,N,can't disaggregate  ESBL,2017,Pan African Medical Journal,Kengne,"Bacteriological profile and antimicrobial susceptibility patterns of urine culture isolates from patients in Ndjamena, Chad",Chad,,Ndjamena,cross_sec_survey,2014,2014,invasive,UTI,sequential,human,IP_and_OP,,both,invasive,,,,,,,,,,,,,,,,,,,,,,,,,,,,,,,,,,,,,,,,,,,,,,,,,,,,,,,,,,,,,,,,,,,,,,,
,N,NO ESBL CONFIRMATION,2016,Annals of Clinical Microbiology and Antimicrobials,Obeng-Nkrumah,Trends in paediatric and adult bloodstream infections at a Ghanaian referral hospital: A retrospective study,Ghana,,Kole-buu,cross_sec_survey,2010,2014,invasive,suspected sepsis,sequential,human,IP_and_OP,unknown,> 28 days,invasive,blood,NA,,,,,,,,,,,,,,,,,,,,,,,,,,,,,,,,,,,,,,,,,,,,,,,,,,,,,,,,,,,,,,,,,,,,,
,N,no esbl CONFIRMATION,2015,East Afr Med J,Magale,"ANTIBIOTIC SUSCEPTIBILITY OF ORGANISMS CAUSING URINARY TRACT INFECTION IN PATIENTS PRESENTING AT KENYATTA NATIONAL HOSPITAL, NAIROBI",kenya,,nairobi,cross_sec_survey,2013,2013,invasive,suspected uti,sequential,human,IP_and_OP,both,both,invasive,urine,chromagar,NA,NA,,,,,,,,,,,,,,,,,,,,,,,,,,,,,,,,,,,,,,,,,,,,,,,,,,,,,,,,,,,,,,,,,,,
,N,no esbl CONFIRMATION,2015,plos one,seboxa,"High mortality from blood stream infection in Addis Ababa, Ethiopia, is due to antimicrobial resistance",Ethiopia,,addis ababa,cross_sec_survey,2012,2013,invasive,sepsis,sequential,human,on_hospital_admission,,,,,,,,,,,,,,,,,,,,,,,,,,,,,,,,,,,,,,,,,,,,,,,,,,,,,,,,,,,,,,,,,,,,,,,,,,
,N,NO ESBL CONFIRMATION,2017,Open Microbiology Journal,Oli,"Bacteriology and antibiogram of urinary tract infection among female patients in a tertiary health facility in South Eastern Nigeria	",Nigeria,,Awka,cross_sec_survey,2016,2016,invasive,women_uti,sequential,human,OP,,adults,invasive,urine,,,,,,,,,,,,,,,,,,,,,,,,,,,,,,,,,,,,,,,,,,,,,,,,,,,,,,,,,,,,,,,,,,,,,,
,N,CTXM only,2018,Eur J Clin Microbiol Infect Dis,Sonda,"Prevalence and risk factors for CTX-M gram-negative bacteria in hospitalized patients at a tertiary care hospital in Kilimanjaro, Tanzania European journal of clinical microbiology & infectious diseases : official publication of the European Society of Clinical Microbiology",Tanzania,Kilimanjaro,,cross_sec_survey,2013,2015,invasive,,,,,,,,,,,,,,,,,,,,,,,,,,,,,,,,,,,,,,,,,,,,,,,,,,,,,,,,,,,,,,,,,,,,,,,,,,,,,,
,N,NO ESBL CONFIRMATION,2016,BMC Infectious Diseases,Moremi,Antimicrobial resistance pattern: A report of microbiological cultures at a tertiary hospital in Tanzania,Tanzania,,Mwanza,cross_sec_survey,2013,2015,invasive,,,,,,,,,,,,,,,,,,,,,,,,,,,,,,,,,,,,,,,,,,,,,,,,,,,,,,,,,,,,,,,,,,,,,,,,,,,,,,
,N,no esbl CONFIRMATION,2015,Br Microbiol Res J,Ampaire,Epidemiology of Carbapenem Resistance among Multi-drug Resistant Enterobacteriaceae in Uganda,Uganda,,Mbarara,cross_sec_survey,2013,2014,invasive,,,,,,,,,,,,,,,,,,,,,,,,,,,,,,,,,,,,,,,,,,,,,,,,,,,,,,,,,,,,,,,,,,,,,,,,,,,,,,
,N,no esbl CONFIRMATION,2015,"Ital J Pediatr	",Ahmed,"Multi-resistant gram negative enteric bacteria causing urinary tract infection among malnourished underfives admitted at a tertiary hospital, northwestern, Tanzania",Tanzania,,Mwanza,cross_sec_survey,2012,2013,invasive,,,,,,,,,,,,,,,,,,,,,,,,,,,,,,,,,,,,,,,,,,,,,,,,,,,,,,,,,,,,,,,,,,,,,,,,,,,,,,
,N,can't disaggregate ESBL species,2006,Journal of Antimicrobial Chemotherapy,Gray,Identification and characterization of ceftriaxone resistance and extended-spectrum β-lactamases in Malawian bacteraemic Enterobacteriaceae,Malawi,,Blantyre,cross_sec_survey,2004,2006,invasive,enterobacteriaecia_in_lab,,,,,,,,,,,,,,,,,,,,,,,,,,,,,,,,,,,,,,,,,,,,,,,,,,,,,,,,,,,,,,,,,,,,,,,,,,,,,
,N,PCR only for some ESBLS,2018,Tropical Animal Health and Production,Messele,Analysis of milk-derived isolates of E. coli indicating drug resistance in central Ethiopia,Ethiopia,,,cross_sec_survey,,,,,,,,,,,,,,,,,,,,,,,,,,,,,,,,,,,,,,,,,,,,,,,,,,,,,,,,,,,,,,,,,,,,,,,,,,,,,,,,,
,N,can't disaggregate  ESBL,2018,Journal of Obstetrics and Gynaecology,Majangara,Microbiology and clinical outcomes of puerperal sepsis: a prospective cohort study,,,,,,,,,,,,,,,,,,,,,,,,,,,,,,,,,,,,,,,,,,,,,,,,,,,,,,,,,,,,,,,,,,,,,,,,,,,,,,,,,,,,,
,N,ESBL producers only,2018,Med Mal Infect,Kpoda,"Presence of qnr genes in ESBL-producing Enterobacteriaceae strains resistant to quinolones in Ouagadougou, Burkina Faso",,,,,,,,,,,,,,,,,,,,,,,,,,,,,,,,,,,,,,,,,,,,,,,,,,,,,,,,,,,,,,,,,,,,,,,,,,,,,,,,,,,,,
,N,can't disaggregate  ,2018,Nature Microbiology,Ingle,,,,,,,,,,,,,,,,,,,,,,,,,,,,,,,,,,,,,,,,,,,,,,,,,,,,,,,,,,,,,,,,,,,,,,,,,,,,,,,,,,,,,,
,N,NoESBL confirmation,2018,International Journal of Environmental Research and Public Health, Igwaran,Molecular Characterization and Antimicrobial Resistance Pattern of Escherichia coli Recovered from Wastewater Treatment Plants in Eastern Cape South Africa,South Africa,Eastern Cape,,cross_sec_survey,,,,,,,,,,,,,,,,,,,,,,,,,,,,,,,,,,,,,,,,,,,,,,,,,,,,,,,,,,,,,,,,,,,,,,,,,,,,,,,,,
,N,Pooled samples - can't disaggregate,2018,Frontiers in microbiology,Founou,Genome Sequencing of Extended-Spectrum beta-Lactamase (ESBL)-Producing Klebsiella pneumoniae Isolated from Pigs and Abattoir Workers in Cameroon,Cameroon and south Africa,,,cross_sec_survey,,,,,,,,,,,,,,,,,,,,,,,,,,,,,,,,,,,,,,,,,,,,,,,,,,,,,,,,,,,,,,,,,,,,,,,,,,,,,,,,,
,N,Inclusion criteria not given,2018,Russian Journal of Infection and Immunity,Egorova,Antimicrobial susceptibility of enterobacteriacae isolated from intestinal microbiota of residents of the Republic of Guinea and Russia,,,,,,,,,,,,,,,,,,,,,,,,,,,,,,,,,,,,,,,,,,,,,,,,,,,,,,,,,,,,,,,,,,,,,,,,,,,,,,,,,,,,,
,N,no esbl CONFIRMATION,2018,BMC Research Notes,Belachew,"High level of drug resistance by gram-negative bacteria from selected sewage polluted urban rivers in Addis Ababa, Ethiopia",Ethiopia,,Addis abbaba,cross_sec_survey,,,,,,,,,,,,,,,,,,,,,,,,,,,,,,,,,,,,,,,,,,,,,,,,,,,,,,,,,,,,,,,,,,,,,,,,,,,,,,,,,
,N,no esbl CONFIRMATION,2018,Antimicrobial Resistance and Infection Control,Agyebong,"Multidrug-resistant gram-negative bacterial infections in a teaching hospital in Ghana	",,,,cross_sec_survey,,,,,,,,,,,,,,,,,,,,,,,,,,,,,,,,,,,,,,,,,,,,,,,,,,,,,,,,,,,,,,,,,,,,,,,,,,,,,,,,,
,N,ESBL producers only,2018,Environ Sci Pollut Res Int,Adelowo,,Nigeria,,,cross_sec_survey,,,,,,,,,,,,,,,,,,,,,,,,,,,,,,,,,,,,,,,,,,,,,,,,,,,,,,,,,,,,,,,,,,,,,,,,,,,,,,,,,
,N,NO ESBL CONFIRMATION,2018,Antibiotics,Abia,Where did they come from—Multi-drug resistant pathogenic Escherichia coli in a cemetery environment?,,,,cross_sec_survey,,,,,,,,,,,,,,,,,,,,,,,,,,,,,,,,,,,,,,,,,,,,,,,,,,,,,,,,,,,,,,,,,,,,,,,,,,,,,,,,,
,N,NO ESBL CONFIRMATION,2018,"International Journal of Microbiology	",Alfadil,Characterization of pathogenic bacteria isolated from sudanese banknotes and determination of their resistance profile,Sudan,,,cross_sec_survey,,,,,,,,,,,,,,,,,,,,,,,,,,,,,,,,,,,,,,,,,,,,,,,,,,,,,,,,,,,,,,,,,,,,,,,,,,,,,,,,,
,N,Kleb_only_and_carriage_study,2017,plos one,Taitt,Antimicrobial resistance of Klebsiella pneumoniae stool isolates circulating in Kenya,Kenya,multiple,,cross_sec_survey,,,,,,,,,,,,,,,,,,,,,,,,,,,,,,,,,,,,,,,,,,,,,,,,,,,,,,,,,,,,,,,,,,,,,,,,,,,,,,,,,
,N,non english,2017,"		Med Sante Trop",Sangare,Prevalence of extended-spectrum beta-lactamase phenotypes in enterobacteria isolated from blood cultures of patients at admission to the University Hospital of Bamako,,,,,,,,,,,,,,,,,,,,,,,,,,,,,,,,,,,,,,,,,,,,,,,,,,,,,,,,,,,,,,,,,,,,,,,,,,,,,,,,,,,,,
,N,non english,2017,Pan Afr Med J,Rakotovao-Ravahatra,"	[Resistant phenotypes of Escherichia coli strains responsible for urinary tract infection in the laboratory of the University Hospital Joseph Raseta Befelatanana, Antananarivo]",,,,,,,,,,,,,,,,,,,,,,,,,,,,,,,,,,,,,,,,,,,,,,,,,,,,,,,,,,,,,,,,,,,,,,,,,,,,,,,,,,,,,
,N,source of samples not clear,2017,"International Dairy Journal	",Ntuli,"Extended-spectrum β-lactamase, shigatoxin and haemolysis capacity of O157 and non-O157 E. coli serotypes from producer-distributor bulk milk",,,,,,,,,,,,,,,,,,,,,,,,,,,,,,,,,,,,,,,,,,,,,,,,,,,,,,,,,,,,,,,,,,,,,,,,,,,,,,,,,,,,,
,N,sample selection not clear,2017,JAC,musicha,Genomic landscape of extended-spectrum beta-lactamase resistance in Escherichia coli from an urban African setting,Malawi,,,,,,,,,,,,,,,,,,,,,,,,,,,,,,,,,,,,,,,,,,,,,,,,,,,,,,,,,,,,,,,,,,,,,,,,,,,,,,,,,,,,
,N,< 10 enterbacteriaeciae,2017,Journal of Biological Sciences,mthembu,"Antibiotic susceptibility patterns of bacteria recovered from wounds of diabetic patients in some Northern Kwazulu-Natal Hospitals, South Africa	",South Africa,KZN,,cross_sec_survey,,,,,,,,,,,,,,,,,,,,,,,,,,,,,,,,,,,,,,,,,,,,,,,,,,,,,,,,,,,,,,,,,,,,,,,,,,,,,,,,,
,N,selection of isolates for AST not clear,2017,Eur J Microbiol Immunol,Konate,"Epidemiology and Antibiotic Resistance Phenotypes of Diarrheagenic Escherichia Coli Responsible for Infantile Gastroenteritis in Ouagadougou, Burkina Faso	",Burkina Faso,,Ouagadoudou,cross_sec_survey,2013,2015,,,,,,,,,,,,,,,,,,,,,,,,,,,,,,,,,,,,,,,,,,,,,,,,,,,,,,,,,,,,,,,,,,,,,,,,,,,,,,,
,N,NO ESBL CONFIRMATION,2017,Asian Pacific Journal of Tropical Disease,Iwu,"Antibiotic resistance profiles of Escherichia coli O26, O145, and O157:H7 isolated from swine in the Eastern Cape Province, South Africa",South Africa,Eastern Cape,,cross_sec_survey,,,,,,,,,,,,,,,,,,,,,,,,,,,,,,,,,,,,,,,,,,,,,,,,,,,,,,,,,,,,,,,,,,,,,,,,,,,,,,,,,
,N,can't disaggregate ESBL- but interesting efect of TMPon CTX resistance!,2017,African Journal of Infectious Diseases,Egwuatu,Effect of trimethoprim-sulfamethoxazole prophylaxis on feacal carriage rates of resistant isolates of Escherichia coli in HIV-infected adult patients in lagos,Nigeria,,Lagos,cross_sec_survey,2009,2009,,,,,,,,,,,,,,,,,,,,,,,,,,,,,,,,,,,,,,,,,,,,,,,,,,,,,,,,,,,,,,,,,,,,,,,,,,,,,,,
,N,No ESBL confirmation,2017,"International Journal of Microbiology	",Duedu,Multidrug Resistant Enteric Bacterial Pathogens in a Psychiatric Hospital in Ghana: Implications for Control of Nosocomial Infections,Ghana,,Accra,cross_sec_survey,,,,,,,,,,,,,,,,,,,,,,,,,,,,,,,,,,,,,,,,,,,,,,,,,,,,,,,,,,,,,,,,,,,,,,,,,,,,,,,,,
,N,Carriage isolates but no denominator,2017,S Afr Med J,DeFrancesco,"Antibiotic resistance patterns and beta-lactamase identification in Escherichia coli isolated from young children in rural Limpopo Province, South Africa: The MAL-ED cohort",,,,,,,,,,,,,,,,,,,,,,,,,,,,,,,,,,,,,,,,,,,,,,,,,,,,,,,,,,,,,,,,,,,,,,,,,,,,,,,,,,,,,
,N,No esBL CONFIRMATION,2017,African Journal of Urology,Barry,"Antimicrobial susceptibility profile of community-acquired urinary tract infection in adults: A seven months prospective cross-sectional study in Dakar Town, Senegal",Senegal,,Dakar,cross_sec_survey,,,,,,,,,,,,,,,,,,,,,,,,,,,,,,,,,,,,,,,,,,,,,,,,,,,,,,,,,,,,,,,,,,,,,,,,,,,,,,,,,
,N,< 10 enterbacteriaeciae,2017,BMC Res Notes,Agaba,Nosocomial bacterial infections and their antimicrobial susceptibility patterns among patients in Ugandan intensive care units: a cross sectional study,Uganda,,multiple,cross_sec_survey,,,,,,,,yes,,,,,,,,,,,,,,,,,,,,,,,,,,,,,,,,,,,,,,,,,,,,,,,,,,,,,,,,,,,,,,,,,,,,,,,,,
,N,no esbl CONFIRMATION,2016,Front Microbiol,Seidman,Longitudinal comparison of antibiotic resistance in diarrheagenic and non-pathogenic escherichia coli from young tanzanian children,tanzania,,,,,,,,,,,,,,,,,,,,,,,,,,,,,,,,,,,,,,,,,,,,,,,,,,,,,,,,,,,,,,,,,,,,,,,,,,,,,,,,,,,,
,N,carriage but in urine - not clear if is invasive or carriage,2016,J Pharm Bioallied Sci,Onanuga ,"Virulence and antimicrobial resistance of common urinary bacteria from asymptomatic students of Niger Delta University, Amassoma, Bayelsa State, Nigeria",Nigeria,,,,,,,,,,,,,,,,,,,,,,,,,,,,,,,,,,,,,,,,,,,,,,,,,,,,,,,,,,,,,,,,,,,,,,,,,,,,,,,,,,,,
,N,no denominator,2016,Vet Microbiol,Ojo,Detection and characterization of extended-spectrum beta-lactamase-producing Escherichia coli from chicken production chains in Nigeria,Nigeria,,,,,,,,,,,,,,,,,,,,,,,,,,,,,,,,,,,,,,,,,,,,,,,,,,,,,,,,,,,,,,,,,,,,,,,,,,,,,,,,,,,,
,N,can't disaggregate  ESBL,2016,BMC Microbiology,Lyimo,Comparison of antibiotic resistant Escherichia coli obtained from drinking water sources in northern Tanzania: a cross-sectional study,Tanzania,,,,,,,,,,,,,,,,,,,,,,,,,,,,,,,,,,,,,,,,,,,,,,,,,,,,,,,,,,,,,,,,,,,,,,,,,,,,,,,,,,,,
,N,NO ESBL CONFIRMATION,2016,American Journal of Tropical Medicine and Hygiene,Carroll,"Five-year antimicrobial susceptibility trends among bacterial isolates from a tertiary health-care facility in Kigali, Rwanda",rwanda,,,,,,,,,,,,,,,,,,,,,,,,,,,,,,,,,,,,,,,,,,,,,,,,,,,,,,,,,,,,,,,,,,,,,,,,,,,,,,,,,,,,
,N,NO ESBL CONFIRMATION,2016,Biomed Res Int,Adesoji,Detection of Extended Spectrum Beta-Lactamases Resistance Genes among Bacteria Isolated from Selected Drinking Water Distribution Channels in Southwestern Nigeria,Nigeria,,,,,,,,,,,,,,,,,,,,,,,,,,,,,,,,,,,,,,,,,,,,,,,,,,,,,,,,,,,,,,,,,,,,,,,,,,,,,,,,,,,,
,N,NO ESBL CONFIRMATION,2016,Journal of Infection in Developing Countries,Adenipekun,"Prevalence and multidrug resistance of Escherichia coli from community-acquired infections in Lagos, Nigeri",,,,,,,,,,,,,,,,,,,,,,,,,,,,,,,,,,,,,,,,,,,,,,,,,,,,,,,,,,,,,,,,,,,,,,,,,,,,,,,,,,,,,
,N,no esbl CONFIRMATION,2015,Science of the Total Environment,Titilawo,"Antimicrobial resistance determinants of Escherichia coli isolates recovered from some rivers in Osun State, South-Western Nigeria: Implications for public health		",,,,,,,,,,,,,,,,,,,,,,,,,,,,,,,,,,,,,,,,,,,,,,,,,,,,,,,,,,,,,,,,,,,,,,,,,,,,,,,,,,,,,
,N,can't disaggregate ESBL  ,2015,South African Medical Journal, Preziosi,A prospective observational study of bacteraemia in adults admitted to an urban Mozambican hospital,Mozambique,,,,,,,,,,,,,,,,,,,,,,,,,,,,,,,,,,,,,,,,,,,,,,,,,,,,,,,,,,,,,,,,,,,,,,,,,,,,,,,,,,,,
,N,no esbl CONFIRMATION,2015,"American Journal of Tropical Medicine and Hygiene			92	",Ntirenganya,High prevalence of antimicrobial resistance among common bacterial isolates in a tertiary healthcare facility in Rwanda,,,,cross_sec_survey,,,,,,,,,,,,,,,,,,,,,,,,,,,,,,,,,,,,,,,,,,,,,,,,,,,,,,,,,,,,,,,,,,,,,,,,,,,,,,,,,
,N,no esbl CONFIRMATION,2015,Journal of Pharmacy and Pharmaceutical Sciences,Mwambete,Antimicrobial resistance profiles of bacteria isolated from chicken droppings in Dar es Salaam,Tanzania,,Dar es salaam,cross_sec_survey,,,,,,,,,,,,,,,,,,,,,,,,,,,,,,,,,,,,,,,,,,,,,,,,,,,,,,,,,,,,,,,,,,,,,,,,,,,,,,,,,
,N,cant extract denominator,2015,Biomed Res Int,Mousse,Identification of Extended-Spectrum beta-Lactamases Escherichia coli Strains Isolated from Market Garden Products and Irrigation Water in Benin,Benin,,,,,,,,,,,,,,,,,,,,,,,,,,,,,,,,,,,,,,,,,,,,,,,,,,,,,,,,,,,,,,,,,,,,,,,,,,,,,,,,,,,,
,N,can't disaggregate  ESBL,2015,"AIDS Research and Treatment	",Marwa,"Resistance to cotrimoxazole and other antimicrobials among isolates from HIV/AIDS and Non-HIV/AIDS patients at bugando medical centre, Mwanza, Tanzania",,,,,,,,,,,,,,,,,,,,,,,,,,,,,,,,,,,,,,,,,,,,,,,,,,,,,,,,,,,,,,,,,,,,,,,,,,,,,,,,,,,,,
,N,EPEC,2015,plos one,Langendorf,Enteric bacterial pathogens in children with diarrhea in Niger: diversity and antimicrobial resistance,Niger,,,,,,,,,,,,,,,,,,,,,,,,,,,,,,,,,,,,,,,,,,,,,,,,,,,,,,,,,,,,,,,,,,,,,,,,,,,,,,,,,,,,
,N,no esbl CONFIRMATION,2014,International Journal of Pharmacy and Pharmaceutical Sciences,Mwambete,"Antibiotic resistance profiles of bacterial pathogens from private hospitals in dar es salaam, Tanzania	",Tanzania,,Dar es salaam,cross_sec_survey,,,,,,,,,,,,,,,,,,,,,,,,,,,,,,,,,,,,,,,,,,,,,,,,,,,,,,,,,,,,,,,,,,,,,,,,,,,,,,,,,
,N,can't disaggregate  ,2014,British microbiology research journal,Moses,Prevalence and Genotypic Characterization of Extended-Spectrum Beta-Lactamases Produced by Gram Negative Bacilli at a Tertiary Care Hospital in Rural South Western Uganda,Uganda,Mbarara,,cross_sec_survey,2012,2012,,,,,,,,,,,,,,,,,,,,,,,,,,,,,,,,,,,,,,,,,,,,,,,,,,,,,,,,,,,,,,,,,,,,,,,,,,,,,,,
,N,NO ESBL CONFIRMATION,2014,BMC Res Notes,Manyahi,"Predominance of multi-drug resistant bacterial pathogens causing surgical site infections in Muhimbili National Hospital, Tanzania",Tanzania,,,,,,,,,,,,,,,,,,,,,,,,,,,,,,,,,,,,,,,,,,,,,,,,,,,,,,,,,,,,,,,,,,,,,,,,,,,,,,,,,,,,
,N,can't diaggregate animals vs environment,2014,plos one,Ikegbunam,Abattoirs as non-hospital source of extended spectrum beta lactamase producers: confirmed by the double disc synergy test and characterized by matrix-assisted laser desorption/ionization time of flight mass spectrometry,,,,,,,,,,,,,,,,,,,,,,,,,,,,,,,,,,,,,,,,,,,,,,,,,,,,,,,,,,,,,,,,,,,,,,,,,,,,,,,,,,,,,
,N,source of samples not clear,2013,J Infect Dev Ctries,Ogbolu,Dissemination of IncF plasmids carrying beta-lactamase genes in Gram-negative bacteria from Nigerian hospitals,Nigeria,,various,cross_sec_survey,,,,,,,,,,,,,,,,,,,,,,,,,,,,,,,,,,,,,,,,,,,,,,,,,,,,,,,,,,,,,,,,,,,,,,,,,,,,,,,,,
,N,NO ESBL CONFIRMATION,2013,S Afr Med J,Lewis,"Antimicrobial susceptibility of organisms causing community-acquired urinary tract infections in Gauteng Province, South Africa",South Africa,,Gauteng,,,,,,,,,,,,,,,,,,,,,,,,,,,,,,,,,,,,,,,,,,,,,,,,,,,,,,,,,,,,,,,,,,,,,,,,,,,,,,,,,,
,N,NO ESBL CONFIRMATION,2013,Ethiopian Journal of Health Development,Kabew,"A retrospective study on prevalence and antimicrobial susceptibility patterns of bacterial isolates from urinary tract infections in Tikur Anbessa Specialized Teaching Hospital Addis Ababa, Ethiopia",Ethiopia,,Addis ababa,,,,,,,,,,,,,,,,,,,,,,,,,,,,,,,,,,,,,,,,,,,,,,,,,,,,,,,,,,,,,,,,,,,,,,,,,,,,,,,,,,
,N,cant disaggregate carriage and invasive,2012,"East Afr J Public Health	",Mulualem,"Occurrence of extended spectrum beta (b)-lactamases in multi-drug resistant Escherichia coli isolated from a clinical setting in Jimma University Specialized Hospital, Jimma, southwest Ethiopia",Ethiopia,Jimma,,,,,,,,,,,,,,,,,,,,,,,,,,,,,,,,,,,,,,,,,,,,,,,,,,,,,,,,,,,,,,,,,,,,,,,,,,,,,,,,,,,
,N,cant disaggregate carriage and invasive,2012,BMC Microbiology,Kiiru,Analysis of -lactamase phenotypes and carriage of selected -lactamase genes among Escherichia coli strains obtained from Kenyan patients during an 18-year period,Kenya,,,,,,,,,,,,,,,,,,,,,,,,,,,,,,,,,,,,,,,,,,,,,,,,,,,,,,,,,,,,,,,,,,,,,,,,,,,,,,,,,,,,
,N,can't extract ESBL %,2012,African health sciences,Ibrahim,"Increased multi-drug resistant Escherichia coli from hospitals in Khartoum state, Sudan",Sudan,,Khartoum,,,,,,,,,,,,,,,,,,,,,,,,,,,,,,,,,,,,,,,,,,,,,,,,,,,,,,,,,,,,,,,,,,,,,,,,,,,,,,,,,,
,N,can't extract ESBL %,2012,Eur J Clin Microbiol Infect Dis,De Boeck,"Presence of extended-spectrum beta-lactamase-producing Enterobacteriaceae in waste waters, Kinshasa, the Democratic Republic of the Congo	",democratic republic of congo,,Kinshasa,cross_sec_survey,,,,,,,,,,,,,,,,,,,,,,,,,,,,,,,,,,,,,,,,,,,,,,,,,,,,,,,,,,,,,,,,,,,,,,,,,,,,,,,,,
,N,no ESBL CONFIRMATION,2012,ISRN pediatrics,Ballot,"Bacterial bloodstream infections in neonates in a developing country	",,,,,,,,,,,,,,,,,,,,,,,,,,,,,,,,,,,,,,,,,,,,,,,,,,,,,,,,,,,,,,,,,,,,,,,,,,,,,,,,,,,,,
,N,can't disaggregate  ESBL species,2011,Am J Trop Med Hyg,Muvunyi,Decreased susceptibility to commonly used antimicrobial agents in bacterial pathogens isolated from urinary tract infections in Rwanda: need for new antimicrobial guidelines,Rwanda,,,,,,,,,,,,,,,,,,,,,,,,,,,,,,,,,,,,,,,,,,,,,,,,,,,,,,,,,,,,,,,,,,,,,,,,,,,,,,,,,,,,
,N,no esbl CONFIRMATION,2011,African Health Sciences,Kibret,Antimicrobial susceptibility patterns of E. coli from clinical sources in northeast Ethiopia,,,,,,,,,,,,,,,,,,,,,,,,,,,,,,,,,,,,,,,,,,,,,,,,,,,,,,,,,,,,,,,,,,,,,,,,,,,,,,,,,,,,,
,N,can't extract ESBL %,2011,J Antimicrob Chemother,Fortini,Plasmid-mediated quinolone resistance and beta-lactamases in Escherichia coli from healthy animals from Nigeria,Nigeria,,,,,,,,,,,,,,,,,,,,,,,,,,,,,,,,,,,,,,,,,,,,,,,,,,,,,,,,,,,,,,,,,,,,,,,,,,,,,,,,,,,,
,N,can't extract ESBL %,2011,Bosnian journal of basic medical sciences,Afunwa,Antimicrobial resistance status and prevalence rates of extended spectrum beta-lactamase (ESBL) producers isolated from a mixed human population,Nigeria,,,,,,,,,,,,,,,,,,,,,,,,,,,,,,,,,,,,,,,,,,,,,,,,,,,,,,,,,,,,,,,,,,,,,,,,,,,,,,,,,,,,
,N,not clear if colonisation or infection,2011,African Journal of Pharmacy and Pharmacology,Adegoke,"Prevalence, antibiotic susceptibility profile and extended spectrum β-lactamase production among escherichia coli from high vaginal swab (HVS)",,,,,,,,,,,,,,,,,,,,,,,,,,,,,,,,,,,,,,,,,,,,,,,,,,,,,,,,,,,,,,,,,,,,,,,,,,,,,,,,,,,,,
,N,can't disaggregate  ESBL species,2010,Journal of Infection in Developing Countries,Randrianirina,"Antimicrobial resistance in pathogens causing nosocomial infections in surgery and intensive care wards in Antananarivo, Madagascar	",Madagascar,,,,,,,,,,,,,,,,,,,,,,,,,,,,,,,,,,,,,,,,,,,,,,,,,,,,,,,,,,,,,,,,,,,,,,,,,,,,,,,,,,,,
,N,NO ESBL CONFIRMATION,2010,Tanzan J Health Res,Moyo,Bacterial isolates and drug susceptibility patterns of urinary tract infection among pregnant women at Muhimbili National Hospital in Tanzania,Tanzania,,,,,,,,,,,,,,,,,,,,,,,,,,,,,,,,,,,,,,,,,,,,,,,,,,,,,,,,,,,,,,,,,,,,,,,,,,,,,,,,,,,,
,N,case series,2010,South African medical journal,Moyo,"Bacteria isolated from bloodstream infections at a tertiary hospital in Dar es Salaam, Tanzania--antimicrobial resistance of isolates",Tanzania,,Dar es salaam,,,,,,,,,,,,,,,,,,,,,,,,,,,,,,,,,,,,,,,,,,,,,,,,,,,,,,,,,,,,,,,,,,,,,,,,,,,,,,,,,,
,N,NO ESBL CONFIRMATION,2010,American Journal of Tropical Medicine and Hygiene,Mandomando,"Antimicrobial drug resistance trends of bacteremia isolates in a rural hospital in southern Mozambique	",MOzambique,,,,,,,,,,,,,,,,,,,,,,,,,,,,,,,,,,,,,,,,,,,,,,,,,,,,,,,,,,,,,,,,,,,,,,,,,,,,,,,,,,,,
,N,NO ESBL CONFIRMATION,2010,East African medical journal,Kohli,"Antibacterial susceptibility patterns of blood stream isolates in patients investigated at the Aga Khan University Hospital, Nairobi",Kenya,,Nairobi,,,,,,,,,,,,,,,,,,,,,,,,,,,,,,,,,,,,,,,,,,,,,,,,,,,,,,,,,,,,,,,,,,,,,,,,,,,,,,,,,,
,N,NO ESBL CONFIRMATION,2008,World Journal of Microbiology and Biotechnology,Taiwo,High antimicrobial resistance among bacterial isolates of blood stream infections (BSI) in a Nigerian University Teaching Hospital,Nigeria,,,,,,,,,,,,,,,,,,,,,,,,,,,,,,,,,,,,,,,,,,,,,,,,,,,,,,,,,,,,,,,,,,,,,,,,,,,,,,,,,,,,
,N,NO ESBL CONFIRMATION,2008,Journal of Antimicrobial Chemotherapy,Djie-Maletz,High rate of resistance to locally used antibiotics among enteric bacteria from children in Northern Ghana,,,,,,,,,,,,,,,,,,,,,,,,,,,,,,,,,,,,,,,,,,,,,,,,,,,,,,,,,,,,,,,,,,,,,,,,,,,,,,,,,,,,,
,N,can't disaggregate  ESBL species,2008,BMC Infect Dis,Cotton,"High incidence of antimicrobial resistant organisms including extended spectrum beta-lactamase producing Enterobacteriaceae and methicillin-resistant Staphylococcus aureus in nasopharyngeal and blood isolates of HIV-infected children from Cape Town, South Africa",,,,,,,,,,,,,,,,,,,,,,,,,,,,,,,,,,,,,,,,,,,,,,,,,,,,,,,,,,,,,,,,,,,,,,,,,,,,,,,,,,,,,
,N,nonenglish,2007,Medecine et Maladies Infectieuses,Ahoyo,"Incidence of infections due to Escherichia coli strains producing extended spectrum betalactamase, in the Zou/Collines Hospital Centre (CHDZ/C) in Benin",Benin,,,,,,,,,,,,,,,,,,,,,,,,,,,,,,,,,,,,,,,,,,,,,,,,,,,,,,,,,,,,,,,,,,,,,,,,,,,,,,,,,,,,
,N,can't disaggregate ESBL species,2006,Emerging infectious diseases,Frank,"Extended-spectrum beta-lactamase-producing Enterobacteriaceae, Central African Republic",,,,,,,,,,,,,,,,,,,,,,,,,,,,,,,,,,,,,,,,,,,,,,,,,,,,,,,,,,,,,,,,,,,,,,,,,,,,,,,,,,,,,
,N,selection of klebsiella isolates not clear,2005,Acta Trop,Seid,"Occurrence of extended spectrum beta-lactamase enzymes in clinical isolates of Klebsiella species from Harar region, eastern Ethiopia",Ethiopia,,,,,,,,,,,,,,,,,,,,,,,,,,,,,,,,,,,,,,,,,,,,,,,,,,,,,,,,,,,,,,,,,,,,,,,,,,,,,,,,,,,,
,N,NO ESBL CONFIRMATION,,Central African Journal of Medicine,Ndip,"Antibiogram of Klebsiella pneumoniae isolates from Buea, Cameroon",Cameroon,,Buea,,,,,,,,,,,,,,,,,,,,,,,,,,,,,,,,,,,,,,,,,,,,,,,,,,,,,,,,,,,,,,,,,,,,,,,,,,,,,,,,,,
102,Y,klebsiella spp only,2011,J Glob Infect Dis,Idowu,Extended-spectrum Beta-lactamase Orthopedic Wound Infections in Nigeria,Nigeria,,,cross_sec_survey,NA,NA,invasive,orthopoedic infection,sequential,human,on_hospital_admission,no,adults,invasive,wound swab,,conventional,combination disc,1,,,,,,15,,,6,,,,,,,,,,,,,,,,,,,,,,,,,,,,,,,,,,,,,,,,,,,,,,,,,,,,,,,,,